WORD,‚òÖ,TYPE,üò†,üí©,üê∏,ü§°,üë©üèº,üê∑,üë≥üèΩ,‚úäüèª,‚òùüèΩ,?
EN,0-4,,HATE,SHIT,SCUM,FOOL,SLUT,FUCK,GOOK,HEIL,HELL,AMBG
faggots,4,NOUN,FALSE,FALSE,FALSE,FALSE,TRUE,FALSE,FALSE,FALSE,FALSE,FALSE
blind,0,ADJ,TRUE,FALSE,FALSE,FALSE,FALSE,FALSE,FALSE,FALSE,FALSE,FALSE
burn,1,VERB,TRUE,,,,,,,,,FALSE
negro,4,NOUN,,,,,,,TRUE,,,FALSE
crimes,0,NOUN,TRUE,,,,,,,,,FALSE
pussy,2,NOUN,FALSE,TRUE,FALSE,FALSE,FALSE,TRUE,FALSE,FALSE,FALSE,FALSE
angry,1,ADJ,TRUE,FALSE,FALSE,FALSE,FALSE,FALSE,FALSE,FALSE,FALSE,FALSE
murder,0,NOUN,TRUE,,,,,,,,,FALSE
brit,0,NOUN,,,,,,,TRUE,,,FALSE
sluts,4,NOUN,FALSE,TRUE,FALSE,FALSE,TRUE,TRUE,FALSE,FALSE,FALSE,FALSE
terrorism,1,NOUN,TRUE,,,,,,,,,FALSE
wolf,0,NOUN,TRUE,,TRUE,,,,,,,FALSE
native,1,ADJ,FALSE,FALSE,FALSE,FALSE,FALSE,FALSE,TRUE,FALSE,FALSE,FALSE
witch,2,NOUN,FALSE,FALSE,FALSE,FALSE,TRUE,FALSE,FALSE,FALSE,FALSE,FALSE
refugee,1,NOUN,FALSE,FALSE,FALSE,FALSE,FALSE,FALSE,FALSE,TRUE,FALSE,FALSE
shill,2,NOUN,,,,,,,,TRUE,,FALSE
mad,2,ADJ,,,,TRUE,,,,,,FALSE
poverty,0,NOUN,TRUE,,,,,,,,,FALSE
commy,2,NOUN,,,,,,,,TRUE,,FALSE
nobody,2,NOUN,,,TRUE,,,,,,,FALSE
faggot,4,NOUN,FALSE,FALSE,FALSE,FALSE,TRUE,FALSE,FALSE,FALSE,FALSE,FALSE
propaganda,2,NOUN,FALSE,FALSE,FALSE,FALSE,FALSE,FALSE,FALSE,TRUE,FALSE,FALSE
murderer,2,NOUN,TRUE,FALSE,FALSE,FALSE,FALSE,FALSE,FALSE,TRUE,FALSE,FALSE
fuck,2,VERB,FALSE,TRUE,FALSE,FALSE,FALSE,TRUE,FALSE,FALSE,FALSE,FALSE
feminism,0,NOUN,,,,,TRUE,,,,,FALSE
dies,2,VERB,FALSE,TRUE,FALSE,FALSE,FALSE,FALSE,FALSE,FALSE,FALSE,FALSE
slaughter,2,VERB,TRUE,,TRUE,,,,,,,FALSE
cuck,3,NOUN,,,,,,,,TRUE,,FALSE
goddamn,2,ADJ,TRUE,TRUE,FALSE,FALSE,FALSE,FALSE,FALSE,FALSE,FALSE,FALSE
chinese,0,ADJ,,,,,,,TRUE,,,FALSE
retards,3,NOUN,FALSE,TRUE,FALSE,TRUE,FALSE,FALSE,FALSE,FALSE,FALSE,FALSE
blow,0,VERB,FALSE,FALSE,FALSE,FALSE,FALSE,TRUE,FALSE,FALSE,FALSE,FALSE
minority,1,NOUN,TRUE,,TRUE,,,,,,,FALSE
bs,3,NOUN,,TRUE,,,,,,,,FALSE
bullshit,2,NOUN,TRUE,FALSE,FALSE,FALSE,FALSE,FALSE,FALSE,FALSE,FALSE,FALSE
degeneracy,2,NOUN,FALSE,,TRUE,,,,,,,FALSE
assault,0,NOUN,TRUE,,,,,,,,,FALSE
suicide,0,NOUN,TRUE,,,,,,,,,FALSE
corruption,0,NOUN,TRUE,,,,,,,,,FALSE
slave,2,NOUN,FALSE,FALSE,FALSE,FALSE,TRUE,TRUE,FALSE,FALSE,FALSE,FALSE
liberal,1,ADJ,,,,,,,,TRUE,,FALSE
liar,2,NOUN,FALSE,FALSE,FALSE,FALSE,FALSE,FALSE,FALSE,TRUE,FALSE,FALSE
shitskin,4,NOUN,,,,,,,TRUE,,,FALSE
israeli,0,ADJ,,,,,,,,TRUE,TRUE,FALSE
cancer,2,NOUN,,,TRUE,,,,,,,FALSE
africa,0,NOUN,,,,,,,TRUE,,,FALSE
shooting,1,NOUN,TRUE,,,,,,,,,FALSE
globalist,2,NOUN,TRUE,,,,,,,TRUE,,FALSE
fag,4,NOUN,FALSE,FALSE,FALSE,FALSE,TRUE,FALSE,FALSE,FALSE,FALSE,FALSE
dirty,2,ADJ,TRUE,FALSE,FALSE,FALSE,FALSE,TRUE,FALSE,FALSE,FALSE,FALSE
canadian,0,NOUN,,,,,,,TRUE,,,FALSE
rape,0,VERB,TRUE,,,,,TRUE,,,,FALSE
ignorant,2,ADJ,FALSE,FALSE,FALSE,TRUE,FALSE,FALSE,FALSE,FALSE,FALSE,FALSE
zog,2,NOUN,,,,,,,,TRUE,TRUE,FALSE
kick,1,VERB,TRUE,,,,,,,,,FALSE
christian,0,ADJ,,,,,,,,FALSE,TRUE,FALSE
fuckin,3,ADJ,,TRUE,,,,,,,,FALSE
degenerate,2,ADJ,FALSE,FALSE,TRUE,FALSE,FALSE,FALSE,FALSE,FALSE,FALSE,FALSE
dick,2,NOUN,FALSE,FALSE,FALSE,FALSE,FALSE,TRUE,FALSE,FALSE,FALSE,FALSE
drug,0,NOUN,TRUE,,,,,,,,,FALSE
libtard,4,NOUN,,,,,,,,TRUE,,FALSE
jewish,0,ADJ,,,,,,,TRUE,,TRUE,FALSE
communism,0,NOUN,,,,,,,,TRUE,,FALSE
fucker,2,NOUN,TRUE,TRUE,FALSE,FALSE,FALSE,FALSE,FALSE,FALSE,FALSE,FALSE
goyim,2,NOUN,,,,,,,,,TRUE,TRUE
troll,2,NOUN,FALSE,FALSE,FALSE,FALSE,FALSE,FALSE,FALSE,TRUE,FALSE,FALSE
muslim,0,ADJ,,,,,,,,,TRUE,FALSE
globalists,2,NOUN,TRUE,,,,,,,TRUE,,FALSE
pathetic,2,ADJ,TRUE,FALSE,FALSE,FALSE,FALSE,FALSE,FALSE,FALSE,FALSE,FALSE
chimp,3,NOUN,,,TRUE,,,,,,,FALSE
belief,0,NOUN,,,,,,,,,TRUE,FALSE
qtard,4,NOUN,,,,TRUE,,,,,,FALSE
torture,0,NOUN,TRUE,,,,,,,,,FALSE
idiot,3,NOUN,FALSE,FALSE,FALSE,TRUE,FALSE,FALSE,FALSE,FALSE,FALSE,FALSE
israel,0,NOUN,,,,,,,,TRUE,TRUE,FALSE
pos,4,NOUN,TRUE,TRUE,TRUE,,,,,,,FALSE
hypocrite,2,NOUN,FALSE,FALSE,FALSE,FALSE,FALSE,FALSE,FALSE,TRUE,FALSE,FALSE
coward,3,NOUN,FALSE,FALSE,FALSE,FALSE,TRUE,FALSE,FALSE,FALSE,FALSE,FALSE
enemy,2,NOUN,TRUE,,,,,,,TRUE,,FALSE
faith,0,NOUN,,,,,,,,,TRUE,FALSE
filth,3,NOUN,FALSE,TRUE,FALSE,FALSE,FALSE,FALSE,FALSE,FALSE,FALSE,FALSE
foreigner,0,NOUN,,,,,,,TRUE,TRUE,,FALSE
cunt,4,NOUN,FALSE,FALSE,FALSE,FALSE,FALSE,TRUE,FALSE,FALSE,FALSE,FALSE
nationalism,1,NOUN,,,,,,,,TRUE,,FALSE
garbage,2,NOUN,TRUE,,,,,,,,,FALSE
jewess,2,NOUN,,,,,,,,,TRUE,FALSE
violence,0,NOUN,TRUE,FALSE,FALSE,FALSE,FALSE,FALSE,FALSE,FALSE,FALSE,FALSE
ass,2,NOUN,TRUE,TRUE,FALSE,FALSE,FALSE,FALSE,FALSE,FALSE,FALSE,FALSE
arabs,0,NOUN,,,,,,,TRUE,,,FALSE
harder,0,ADJ,TRUE,,,,,,,,,FALSE
kikes,4,NOUN,,,,,,,TRUE,,TRUE,FALSE
savage,3,NOUN,,,TRUE,,,,,,,FALSE
greek,0,NOUN,,,,,,,TRUE,,,FALSE
spics,4,NOUN,,,,,,,TRUE,,,FALSE
sick,1,ADJ,TRUE,,,,,,,,,FALSE
cuckservative,4,NOUN,,,,,,,,TRUE,,FALSE
hell,0,NOUN,,,,,,,,,TRUE,FALSE
ziojesuit,2,ADJ,,,,,,,,,TRUE,FALSE
attack,0,NOUN,TRUE,,,,,,,,,FALSE
traitor,2,NOUN,TRUE,FALSE,FALSE,FALSE,FALSE,FALSE,FALSE,FALSE,FALSE,FALSE
protestant,0,NOUN,,,,,,,,,TRUE,FALSE
lefty,2,NOUN,FALSE,FALSE,FALSE,FALSE,FALSE,FALSE,FALSE,TRUE,FALSE,FALSE
weapon,1,NOUN,TRUE,,,,,,,,,FALSE
disgusting,2,ADJ,TRUE,FALSE,FALSE,FALSE,FALSE,FALSE,FALSE,FALSE,FALSE,FALSE
rat,3,NOUN,FALSE,FALSE,TRUE,FALSE,FALSE,FALSE,FALSE,FALSE,FALSE,FALSE
criminal,1,ADJ,TRUE,FALSE,FALSE,FALSE,FALSE,FALSE,FALSE,FALSE,FALSE,FALSE
porn,1,NOUN,FALSE,FALSE,FALSE,FALSE,FALSE,TRUE,FALSE,FALSE,FALSE,FALSE
baby,1,NOUN,,,,TRUE,,,,,,TRUE
trash,2,NOUN,FALSE,FALSE,TRUE,FALSE,FALSE,FALSE,FALSE,FALSE,FALSE,FALSE
god,0,NOUN,,,,,,,,,TRUE,FALSE
globalism,0,NOUN,,,,,,,,TRUE,,FALSE
shit,2,NOUN,FALSE,TRUE,FALSE,FALSE,FALSE,FALSE,FALSE,FALSE,FALSE,FALSE
jesuit,0,NOUN,,,,,,,,,TRUE,FALSE
nasty,1,ADJ,TRUE,,,,,,,,,FALSE
execute,0,VERB,TRUE,,,,,,,,,FALSE
nation,0,NOUN,,,,,,,,TRUE,,FALSE
monster,2,NOUN,TRUE,FALSE,TRUE,FALSE,FALSE,FALSE,FALSE,FALSE,FALSE,FALSE
bitch,4,NOUN,FALSE,FALSE,FALSE,FALSE,FALSE,TRUE,FALSE,FALSE,FALSE,FALSE
chicken,2,NOUN,,,TRUE,,,,,,,FALSE
mexican,0,NOUN,,,,,,,TRUE,,,FALSE
christ,0,NOUN,,,,,,,,,TRUE,FALSE
filthy,2,ADJ,TRUE,FALSE,FALSE,FALSE,FALSE,FALSE,FALSE,FALSE,FALSE,FALSE
fat,2,ADJ,FALSE,TRUE,FALSE,FALSE,FALSE,FALSE,TRUE,FALSE,FALSE,FALSE
bastard,3,NOUN,TRUE,,,,,,,,,FALSE
catholic,0,ADJ,,,,,,,,,TRUE,FALSE
die,2,VERB,FALSE,TRUE,FALSE,FALSE,FALSE,FALSE,FALSE,FALSE,FALSE,FALSE
yellow,1,NOUN,,,,,,,TRUE,,,FALSE
satan,2,NOUN,,,,,,,,,TRUE,FALSE
enslave,0,VERB,TRUE,,TRUE,,,,,,,FALSE
black,0,ADJ,,,,,,,TRUE,,,FALSE
puppet,2,NOUN,TRUE,FALSE,FALSE,TRUE,FALSE,FALSE,FALSE,FALSE,FALSE,FALSE
vile,2,ADJ,TRUE,FALSE,FALSE,FALSE,FALSE,FALSE,FALSE,FALSE,FALSE,FALSE
color,0,NOUN,,,,,,,TRUE,,,FALSE
judaism,0,NOUN,,,,,,,,,TRUE,FALSE
queens,0,NOUN,TRUE,,,,TRUE,,,,,FALSE
soviet,1,NOUN,FALSE,,,,,,,TRUE,,FALSE
demon,2,NOUN,TRUE,FALSE,FALSE,FALSE,FALSE,FALSE,FALSE,FALSE,FALSE,FALSE
crime,0,NOUN,TRUE,,,,,,,,,FALSE
cock,2,NOUN,FALSE,FALSE,FALSE,FALSE,FALSE,TRUE,FALSE,FALSE,FALSE,FALSE
pig,3,NOUN,,,TRUE,,,,,,,FALSE
racial,1,ADJ,,,,,,,TRUE,,,FALSE
kill,0,VERB,TRUE,,,,,,,,,FALSE
rabbi,0,NOUN,,,,,,,,,TRUE,FALSE
reject,1,VERB,TRUE,,,,,,,,,FALSE
wtf,2,INTJ,,TRUE,,,,,,,,FALSE
niggers,4,NOUN,FALSE,FALSE,FALSE,FALSE,FALSE,FALSE,TRUE,FALSE,FALSE,FALSE
zionist,1,ADJ,,,,,,,,TRUE,TRUE,FALSE
stupid,2,ADJ,FALSE,FALSE,FALSE,TRUE,FALSE,FALSE,FALSE,FALSE,FALSE,FALSE
knock,0,VERB,TRUE,,,,,,,,,FALSE
altright,1,NOUN,,,,,,,,TRUE,,FALSE
pervert,3,NOUN,FALSE,FALSE,FALSE,FALSE,FALSE,TRUE,FALSE,FALSE,FALSE,FALSE
rapist,3,NOUN,,,,,,TRUE,,,,FALSE
illegal,1,ADJ,,,TRUE,,,,,TRUE,,FALSE
dumb,3,ADJ,FALSE,FALSE,FALSE,TRUE,FALSE,FALSE,FALSE,FALSE,FALSE,FALSE
land,0,NOUN,,,,,,,TRUE,TRUE,,FALSE
criminals,1,ADJ,FALSE,FALSE,FALSE,FALSE,FALSE,FALSE,FALSE,TRUE,FALSE,FALSE
killing,1,NOUN,TRUE,,,,,,,,,FALSE
crash,0,NOUN,TRUE,,,,,,,,,FALSE
palestinian,0,ADJ,,,,,,,TRUE,,,FALSE
monkey,3,NOUN,,,TRUE,,,,,,,FALSE
shoot,1,VERB,TRUE,,,,,,,,,FALSE
dindu,4,NOUN,,,,,,,TRUE,FALSE,,FALSE
comey,3,NOUN,,,,,,,,TRUE,,FALSE
beast,3,NOUN,FALSE,FALSE,TRUE,FALSE,FALSE,FALSE,FALSE,FALSE,FALSE,FALSE
loser,2,NOUN,,,TRUE,,,,,,,FALSE
disease,1,NOUN,FALSE,,TRUE,,,,,,,FALSE
fire,0,NOUN,TRUE,,,,,,,,,FALSE
homosexual,0,ADJ,,,,,TRUE,,,,,FALSE
awaken,1,VERB,,,,,,,,TRUE,,FALSE
roman,0,ADJ,,,,,,,TRUE,,,FALSE
fascist,2,ADJ,FALSE,FALSE,FALSE,FALSE,FALSE,FALSE,FALSE,TRUE,FALSE,FALSE
gay,1,NOUN,FALSE,FALSE,FALSE,FALSE,TRUE,FALSE,FALSE,FALSE,FALSE,FALSE
mocks,1,VERB,TRUE,,,FALSE,,,,,,FALSE
marxist,1,ADJ,,,,,,,,TRUE,,FALSE
crazy,2,ADJ,FALSE,FALSE,FALSE,TRUE,FALSE,FALSE,FALSE,FALSE,FALSE,FALSE
ethnic,2,ADJ,FALSE,FALSE,FALSE,FALSE,FALSE,FALSE,TRUE,TRUE,FALSE,FALSE
assholes,3,NOUN,FALSE,TRUE,FALSE,FALSE,FALSE,FALSE,FALSE,FALSE,FALSE,FALSE
commie,3,NOUN,,,,,,,,TRUE,,FALSE
fuckers,2,NOUN,TRUE,TRUE,FALSE,FALSE,FALSE,FALSE,FALSE,FALSE,FALSE,FALSE
multiculturalism,2,NOUN,FALSE,FALSE,FALSE,FALSE,FALSE,FALSE,FALSE,TRUE,FALSE,FALSE
syrian,0,ADJ,,,,,,,TRUE,,,FALSE
freak,3,NOUN,TRUE,,TRUE,,,,,,,FALSE
massacre,0,NOUN,TRUE,,,,,,,,,FALSE
european,0,ADJ,,,,,,,TRUE,,,FALSE
sjw,3,NOUN,,,,,,,,TRUE,,FALSE
fight,0,NOUN,TRUE,,,,,,,,,FALSE
homeland,0,NOUN,,,,,,,,TRUE,,FALSE
commit,0,VERB,TRUE,,,,,,,,,FALSE
indian,0,ADJ,,,,,,,TRUE,,,FALSE
sex,0,NOUN,,,,,,TRUE,,,,FALSE
scum,4,NOUN,FALSE,FALSE,TRUE,FALSE,FALSE,FALSE,FALSE,FALSE,FALSE,FALSE
terrorist,2,NOUN,,,,,,,,TRUE,,FALSE
convict,1,NOUN,TRUE,,,,,,,,,FALSE
radicals,2,NOUN,FALSE,FALSE,FALSE,FALSE,FALSE,FALSE,FALSE,TRUE,FALSE,FALSE
mudshark,4,NOUN,,,,,,,TRUE,,,FALSE
kike,4,NOUN,,,,,,,TRUE,,TRUE,FALSE
EN,0-4,,HATE,SHIT,SCUM,FOOL,SLUT,FUCK,GOOK,HEIL,HELL,AMBG
transgender,0,ADJ,,,,,TRUE,,,,,FALSE
republican,0,ADJ,,,,,,,,TRUE,,FALSE
boomer,2,NOUN,TRUE,,,,,,,TRUE,,FALSE
leftist,2,ADJ,FALSE,FALSE,FALSE,FALSE,FALSE,FALSE,FALSE,TRUE,FALSE,FALSE
hitler,1,NOUN,,,TRUE,,,,,TRUE,,FALSE
idiots,3,NOUN,FALSE,FALSE,FALSE,TRUE,FALSE,FALSE,FALSE,FALSE,FALSE,FALSE
abortion,0,NOUN,TRUE,,,,,,,,,FALSE
mock,1,VERB,TRUE,,,FALSE,,,,,,FALSE
kid,1,NOUN,,,,TRUE,,,,,,FALSE
blacks,0,NOUN,,,,,,,TRUE,,,FALSE
terror,1,NOUN,TRUE,,,,,,,,,FALSE
WORD,‚òÖ,TYPE,üò†,üí©,üê∏,ü§°,üë©üèº,üê∑,üë≥üèΩ,‚úäüèª,‚òùüèΩ,?
ugly,3,ADJ,FALSE,FALSE,FALSE,FALSE,FALSE,FALSE,TRUE,FALSE,FALSE,FALSE
killer,1,NOUN,TRUE,,,,,,,,,FALSE
shits,2,NOUN,FALSE,TRUE,FALSE,FALSE,FALSE,FALSE,FALSE,FALSE,FALSE,FALSE
damn,2,ADJ,FALSE,TRUE,FALSE,FALSE,FALSE,FALSE,FALSE,FALSE,FALSE,FALSE
nonsense,1,NOUN,TRUE,FALSE,FALSE,FALSE,FALSE,FALSE,FALSE,FALSE,FALSE,FALSE
fool,2,NOUN,FALSE,FALSE,FALSE,TRUE,FALSE,FALSE,FALSE,FALSE,FALSE,FALSE
arab,0,NOUN,,,,,,,TRUE,,,FALSE
apes,3,NOUN,TRUE,FALSE,TRUE,FALSE,FALSE,FALSE,FALSE,FALSE,FALSE,FALSE
migrant,1,NOUN,,,,,,,TRUE,,,FALSE
kills,0,VERB,TRUE,,,,,,,,,FALSE
pedo,4,NOUN,,,,,,TRUE,,,,FALSE
communist,1,ADJ,FALSE,FALSE,FALSE,FALSE,FALSE,FALSE,FALSE,TRUE,FALSE,FALSE
whitey,4,NOUN,,,,,,,TRUE,,,FALSE
radical,2,ADJ,FALSE,FALSE,FALSE,FALSE,FALSE,FALSE,FALSE,TRUE,FALSE,FALSE
invader,3,NOUN,,,,,,,,TRUE,,FALSE
whore,4,NOUN,,TRUE,,,,TRUE,,TRUE,,FALSE
whores,4,NOUN,FALSE,FALSE,FALSE,FALSE,TRUE,TRUE,FALSE,FALSE,FALSE,FALSE
cop,1,NOUN,TRUE,FALSE,TRUE,FALSE,FALSE,FALSE,FALSE,FALSE,FALSE,FALSE
cunts,4,NOUN,,,,,,TRUE,,,,FALSE
lover,0,NOUN,TRUE,,,,,,,,,FALSE
clown,2,NOUN,TRUE,FALSE,,TRUE,,,,,,FALSE
yellows,1,NOUN,,,,,,,TRUE,,,FALSE
catholics,0,NOUN,,,,,,,,,TRUE,FALSE
conspiracy,1,NOUN,,,,,,,,TRUE,,FALSE
satanic,2,ADJ,TRUE,,,,,,,,,FALSE
slut,4,NOUN,,TRUE,,,TRUE,,,,,FALSE
conservative,0,NOUN,FALSE,FALSE,FALSE,FALSE,FALSE,FALSE,FALSE,TRUE,FALSE,FALSE
devil,1,NOUN,FALSE,,TRUE,,,,,,TRUE,FALSE
dude,1,ADJ,FALSE,TRUE,FALSE,FALSE,FALSE,FALSE,FALSE,FALSE,FALSE,FALSE
goy,2,NOUN,,,,,,,,,TRUE,TRUE
destroy,0,VERB,TRUE,,,,,,,,,FALSE
fucked,2,ADJ,FALSE,TRUE,FALSE,FALSE,FALSE,TRUE,FALSE,FALSE,FALSE,FALSE
dog,3,NOUN,FALSE,FALSE,TRUE,FALSE,FALSE,FALSE,FALSE,FALSE,FALSE,FALSE
monkeys,3,NOUN,FALSE,FALSE,TRUE,FALSE,FALSE,FALSE,TRUE,FALSE,FALSE,FALSE
failure,1,NOUN,FALSE,FALSE,FALSE,TRUE,FALSE,FALSE,FALSE,FALSE,FALSE,FALSE
piss,1,VERB,FALSE,TRUE,FALSE,FALSE,FALSE,FALSE,FALSE,FALSE,FALSE,FALSE
jew,0,NOUN,,,,,,,TRUE,,TRUE,FALSE
bombs,1,NOUN,TRUE,,,,,,,,,FALSE
sexual,0,ADJ,,,,,,TRUE,,,,FALSE
german,0,ADJ,,,,,,,TRUE,FALSE,,FALSE
period,0,NOUN,,,,,TRUE,,,,,FALSE
moslem,1,NOUN,,,,,,,,FALSE,TRUE,FALSE
parasite,4,NOUN,FALSE,FALSE,TRUE,FALSE,FALSE,FALSE,FALSE,FALSE,FALSE,FALSE
fear,0,NOUN,TRUE,,,,,,,,,FALSE
gun,0,NOUN,TRUE,,,,,,,,,FALSE
fucks,2,VERB,FALSE,FALSE,FALSE,FALSE,FALSE,TRUE,FALSE,FALSE,FALSE,FALSE
queen,0,NOUN,TRUE,,,,TRUE,,,,,FALSE
african,0,ADJ,,,,,,,TRUE,,,FALSE
grandpa,0,NOUN,TRUE,,,,,,,,,FALSE
immigrant,0,NOUN,FALSE,FALSE,FALSE,FALSE,FALSE,FALSE,FALSE,TRUE,FALSE,FALSE
fags,4,NOUN,FALSE,FALSE,FALSE,FALSE,TRUE,FALSE,FALSE,FALSE,FALSE,FALSE
retarded,3,ADJ,FALSE,FALSE,FALSE,TRUE,FALSE,FALSE,FALSE,FALSE,FALSE,FALSE
wn,2,NOUN,,,,,,,,TRUE,,FALSE
pedophile,3,NOUN,FALSE,FALSE,FALSE,FALSE,FALSE,TRUE,FALSE,FALSE,FALSE,FALSE
pedos,4,NOUN,,,,,,TRUE,,,,FALSE
muslime,3,NOUN,,,,,,,,TRUE,,FALSE
feminist,1,ADJ,,,,,TRUE,,,,,FALSE
bomb,1,NOUN,TRUE,,,,,,,,,FALSE
motherfucker,3,NOUN,TRUE,FALSE,FALSE,FALSE,FALSE,TRUE,FALSE,FALSE,FALSE,FALSE
screw,1,VERB,TRUE,,,,,,,,,FALSE
incident,0,NOUN,TRUE,,,,,,,,,FALSE
moron,3,ADJ,FALSE,TRUE,FALSE,TRUE,FALSE,FALSE,FALSE,FALSE,FALSE,FALSE
racist,2,ADJ,FALSE,FALSE,FALSE,FALSE,FALSE,FALSE,TRUE,FALSE,FALSE,FALSE
retardeds,3,NOUN,FALSE,FALSE,FALSE,TRUE,FALSE,FALSE,FALSE,FALSE,FALSE,FALSE
animal,2,NOUN,,,TRUE,,,,,,,TRUE
nazis,2,NOUN,,,,,,,,TRUE,,FALSE
ape,3,NOUN,TRUE,,TRUE,,,,,,,FALSE
nigger,4,NOUN,FALSE,FALSE,FALSE,FALSE,FALSE,FALSE,TRUE,FALSE,FALSE,FALSE
abuse,0,NOUN,,,,,,TRUE,,,,FALSE
knife,0,NOUN,TRUE,,,,,,,,,FALSE
normy,3,NOUN,,,TRUE,,,,,,,FALSE
death,0,NOUN,TRUE,,,,,,,FALSE,,FALSE
mud,1,NOUN,TRUE,,,,,,,,,FALSE
fraud,0,NOUN,,,TRUE,,,,,,,FALSE
tranny,4,NOUN,,,,,TRUE,,,,,FALSE
crack,1,NOUN,TRUE,,,,,,,,,FALSE
asian,0,ADJ,,,,,,,TRUE,,,FALSE
retard,3,NOUN,FALSE,TRUE,FALSE,TRUE,FALSE,FALSE,FALSE,FALSE,FALSE,FALSE
slaves,2,NOUN,FALSE,FALSE,TRUE,FALSE,FALSE,FALSE,FALSE,FALSE,FALSE,FALSE
pack,1,NOUN,TRUE,,,,,,,,,FALSE
identity,1,NOUN,,,,,,,TRUE,FALSE,,FALSE
diseases,1,NOUN,FALSE,FALSE,TRUE,FALSE,FALSE,FALSE,FALSE,FALSE,FALSE,FALSE
spic,4,NOUN,,,,,,,TRUE,,,FALSE
welfare,0,NOUN,TRUE,,,,,,,,,FALSE
crap,2,NOUN,,TRUE,,,,,,,,FALSE
bombing,0,NOUN,TRUE,,,,,,,,,FALSE
dead,0,ADJ,TRUE,,,,,,,,,FALSE
jews,0,NOUN,,,,,,,TRUE,,TRUE,FALSE
nazi,2,NOUN,,,,,,,,TRUE,,FALSE
suck,2,VERB,FALSE,FALSE,FALSE,FALSE,FALSE,TRUE,FALSE,FALSE,FALSE,FALSE
fucking,2,ADJ,FALSE,TRUE,FALSE,FALSE,FALSE,FALSE,FALSE,FALSE,FALSE,FALSE
libertarian,0,ADJ,,,,,,,,TRUE,,FALSE
asshole,3,NOUN,FALSE,TRUE,FALSE,FALSE,FALSE,FALSE,FALSE,FALSE,FALSE,FALSE
felching,1,NOUN,FALSE,TRUE,,,,TRUE,,,,FALSE
bohunk,3,NOUN,FALSE,FALSE,FALSE,FALSE,FALSE,FALSE,TRUE,FALSE,FALSE,FALSE
pisser,2,NOUN,,TRUE,,,,,,,,FALSE
goddamnit,2,INTJ,,TRUE,,,,,,,,FALSE
boojies,2,NOUN,,,,,,,TRUE,,,FALSE
pimpjuic,1,NOUN,TRUE,FALSE,FALSE,FALSE,FALSE,FALSE,FALSE,FALSE,FALSE,FALSE
scrawny,2,ADJ,,,,,,,TRUE,,,FALSE
semiholes,4,NOUN,,,,,,,TRUE,,,FALSE
fuckedup,1,NOUN,TRUE,,,,,,,,,FALSE
mungs,4,NOUN,,,,,,,TRUE,,,FALSE
wab,1,NOUN,TRUE,FALSE,FALSE,FALSE,FALSE,FALSE,FALSE,FALSE,FALSE,FALSE
goddamnmuthafucker,3,INTJ,FALSE,TRUE,FALSE,FALSE,FALSE,FALSE,FALSE,FALSE,FALSE,FALSE
fisting,1,NOUN,FALSE,FALSE,FALSE,FALSE,FALSE,TRUE,FALSE,FALSE,FALSE,FALSE
proddywhoddies,3,NOUN,,,,,,,,,TRUE,FALSE
laid,1,ADJ,FALSE,FALSE,FALSE,FALSE,FALSE,TRUE,FALSE,FALSE,FALSE,FALSE
longshanks,3,NOUN,,,,,,,TRUE,,,FALSE
moxy,3,NOUN,FALSE,FALSE,FALSE,FALSE,FALSE,FALSE,TRUE,FALSE,TRUE,FALSE
lugan,3,NOUN,FALSE,FALSE,FALSE,FALSE,FALSE,FALSE,TRUE,FALSE,FALSE,FALSE
reefer,0,NOUN,TRUE,,,,,,,,,FALSE
hipster,2,NOUN,TRUE,,,TRUE,,,,,,FALSE
copulate,0,VERB,,,,,,TRUE,,,,FALSE
diseased,0,NOUN,TRUE,,,,,,,,,FALSE
arsebreath,2,NOUN,FALSE,TRUE,FALSE,FALSE,FALSE,FALSE,FALSE,FALSE,FALSE,FALSE
flips,4,NOUN,,,,,,,TRUE,,,TRUE
carrot snaps,3,NOUN,FALSE,FALSE,FALSE,FALSE,FALSE,FALSE,FALSE,FALSE,TRUE,FALSE
slit,4,NOUN,,,,,TRUE,,,,,TRUE
gender nigger,4,NOUN,,,,,,,TRUE,,,FALSE
pollo,4,NOUN,,,,,,,TRUE,,,FALSE
lardface,2,NOUN,,,,,,,TRUE,,,FALSE
sodomize,1,VERB,,,,,,TRUE,,,,FALSE
jant,2,NOUN,TRUE,,,,,,,,,FALSE
geezer,1,NOUN,TRUE,,,,,,,,,FALSE
turnon,1,NOUN,FALSE,FALSE,FALSE,FALSE,FALSE,TRUE,FALSE,FALSE,FALSE,FALSE
kneegrow,4,NOUN,,,,,,,TRUE,,,FALSE
cunillingus,0,NOUN,,,,,,TRUE,,,,FALSE
gooklets,4,NOUN,,,,,,,TRUE,,,FALSE
gopniks,2,NOUN,,,TRUE,,,,,,,FALSE
titfucker,3,NOUN,FALSE,FALSE,FALSE,FALSE,FALSE,TRUE,FALSE,FALSE,FALSE,FALSE
horniest,1,NOUN,,,,,,TRUE,,,,FALSE
soles,2,NOUN,,,,,,,TRUE,,,TRUE
cow kisser,3,NOUN,,,,,,,TRUE,,,FALSE
crapola,2,INTJ,,TRUE,,,,,,,,FALSE
shitfaced,2,ADJ,TRUE,TRUE,FALSE,FALSE,FALSE,FALSE,FALSE,FALSE,FALSE,FALSE
proddywoddy,3,NOUN,,,,,,,,,TRUE,FALSE
spank,0,NOUN,TRUE,,,,,FALSE,,,,FALSE
bungs,4,NOUN,FALSE,FALSE,FALSE,FALSE,FALSE,FALSE,TRUE,FALSE,FALSE,TRUE
spunky,2,ADJ,FALSE,FALSE,FALSE,FALSE,FALSE,TRUE,FALSE,FALSE,FALSE,TRUE
iraqi,0,ADJ,,,,,,,TRUE,,,FALSE
weenie,1,NOUN,,,TRUE,,,TRUE,,,,FALSE
closetfags,4,NOUN,TRUE,FALSE,FALSE,FALSE,TRUE,FALSE,FALSE,FALSE,FALSE,FALSE
scally,4,NOUN,TRUE,FALSE,FALSE,FALSE,FALSE,FALSE,FALSE,FALSE,FALSE,FALSE
diaper head,4,NOUN,FALSE,FALSE,FALSE,FALSE,FALSE,FALSE,TRUE,FALSE,FALSE,FALSE
shekelnose,4,NOUN,FALSE,FALSE,FALSE,FALSE,FALSE,FALSE,TRUE,FALSE,TRUE,FALSE
gypos,3,NOUN,,,,,,,TRUE,FALSE,FALSE,FALSE
shrimp,3,NOUN,,,,,TRUE,,,,,FALSE
kunnilingus,1,NOUN,FALSE,FALSE,FALSE,FALSE,FALSE,TRUE,FALSE,FALSE,FALSE,FALSE
baptist,0,ADJ,,,,,,,,,TRUE,FALSE
lala zai,2,NOUN,FALSE,FALSE,FALSE,FALSE,TRUE,FALSE,TRUE,FALSE,FALSE,FALSE
powderburn,4,NOUN,FALSE,FALSE,FALSE,FALSE,FALSE,FALSE,TRUE,FALSE,FALSE,TRUE
towel head,4,NOUN,,,,,,,TRUE,,,FALSE
shitweasel,2,NOUN,FALSE,FALSE,FALSE,FALSE,FALSE,TRUE,FALSE,FALSE,FALSE,FALSE
nigguhs,4,NOUN,,,,,,,TRUE,,,FALSE
assman,2,NOUN,,,TRUE,,,,,,,FALSE
twat,3,NOUN,,TRUE,,,,TRUE,,,,FALSE
shitlib,3,NOUN,FALSE,TRUE,,,,,,TRUE,,FALSE
wiggerette,4,NOUN,FALSE,FALSE,FALSE,FALSE,FALSE,FALSE,TRUE,FALSE,FALSE,FALSE
rubella,1,NOUN,,,,,,TRUE,,,,FALSE
mastrabator,1,NOUN,,,,,,TRUE,,,,FALSE
fishwife,3,NOUN,,,,,TRUE,TRUE,,,,FALSE
jigaboos,4,NOUN,,,,,,,TRUE,,,FALSE
shant,3,NOUN,,,,,,,TRUE,,,TRUE
yokel,2,NOUN,FALSE,FALSE,FALSE,TRUE,FALSE,FALSE,FALSE,FALSE,FALSE,FALSE
three fifths,4,NOUN,FALSE,FALSE,FALSE,FALSE,FALSE,FALSE,TRUE,FALSE,FALSE,TRUE
house nigger,4,NOUN,,,,,,,TRUE,,,FALSE
cholo chaser,3,NOUN,,,,,,,TRUE,,,FALSE
üêÄ,2,NOUN,,,TRUE,,,,,,,TRUE
four by twos,3,NOUN,,,,,,,TRUE,,TRUE,TRUE
doggiestyle,1,NOUN,FALSE,FALSE,FALSE,FALSE,FALSE,TRUE,FALSE,FALSE,FALSE,FALSE
cuntlicking,4,ADJ,,,,,TRUE,TRUE,,,,FALSE
shitnugget,2,NOUN,FALSE,TRUE,FALSE,FALSE,FALSE,FALSE,FALSE,FALSE,FALSE,FALSE
üò©,0,INTJ,TRUE,,,,,,,,,FALSE
missinglink,3,NOUN,FALSE,FALSE,TRUE,FALSE,FALSE,FALSE,TRUE,FALSE,FALSE,FALSE
cocklicker,3,NOUN,FALSE,FALSE,FALSE,FALSE,FALSE,TRUE,FALSE,FALSE,FALSE,FALSE
nig nogs,4,NOUN,,,,,,,TRUE,,,FALSE
gingies,1,NOUN,,FALSE,FALSE,FALSE,FALSE,FALSE,TRUE,FALSE,FALSE,FALSE
fuckyou,2,VERB,FALSE,TRUE,FALSE,FALSE,FALSE,TRUE,FALSE,FALSE,FALSE,FALSE
deputy,0,NOUN,,,,,,,,TRUE,,FALSE
orgies,1,NOUN,FALSE,FALSE,FALSE,FALSE,FALSE,TRUE,FALSE,FALSE,FALSE,FALSE
gyppy,3,NOUN,,,,,,,TRUE,,,FALSE
derka derkas,3,NOUN,,,,,,,TRUE,,TRUE,FALSE
earthworm,2,NOUN,FALSE,FALSE,TRUE,FALSE,FALSE,FALSE,FALSE,FALSE,FALSE,TRUE
gyppos,3,NOUN,,,,,,,TRUE,FALSE,FALSE,FALSE
gookies,4,NOUN,,,,,,,TRUE,,,FALSE
fook,3,VERB,,TRUE,,,,,,,,FALSE
skankybitch,4,NOUN,,,,FALSE,TRUE,FALSE,FALSE,FALSE,FALSE,FALSE
nigger's,4,NOUN,,,,,,,TRUE,,,FALSE
tongue,0,NOUN,,,,,,TRUE,,,,FALSE
ox,2,NOUN,FALSE,FALSE,TRUE,TRUE,FALSE,FALSE,FALSE,FALSE,FALSE,FALSE
analsex,0,NOUN,FALSE,FALSE,FALSE,FALSE,FALSE,TRUE,FALSE,FALSE,FALSE,FALSE
slimebucket,2,NOUN,,,TRUE,,,,,,,TRUE
muktuks,4,NOUN,,,,,,,TRUE,,,FALSE
white chocolate,2,NOUN,,,,,,,TRUE,,,TRUE
cum,2,NOUN,FALSE,FALSE,FALSE,FALSE,FALSE,TRUE,FALSE,FALSE,FALSE,FALSE
peppers,3,NOUN,,,,,,,TRUE,,,TRUE
albos,2,NOUN,,,,,,,TRUE,,,FALSE
lamebrain,2,NOUN,FALSE,FALSE,FALSE,TRUE,FALSE,FALSE,FALSE,FALSE,FALSE,FALSE
fezzes,2,NOUN,,,,,,,TRUE,,,TRUE
chinigs,4,NOUN,,,,,,,TRUE,,,FALSE
timber niggers,4,NOUN,,,,,,,TRUE,,,FALSE
border bunny,4,NOUN,,,,,,,TRUE,,,FALSE
ikey mo,4,NOUN,,,,,,,TRUE,,,FALSE
quack,2,NOUN,FALSE,FALSE,FALSE,TRUE,FALSE,FALSE,FALSE,FALSE,FALSE,TRUE
fuckbucket,4,NOUN,FALSE,FALSE,FALSE,FALSE,TRUE,TRUE,FALSE,FALSE,FALSE,FALSE
race traitor,4,NOUN,FALSE,FALSE,FALSE,FALSE,FALSE,FALSE,TRUE,TRUE,FALSE,FALSE
kums,2,NOUN,FALSE,FALSE,FALSE,FALSE,FALSE,TRUE,FALSE,FALSE,FALSE,FALSE
fresh off the boat,1,NOUN,,,,,,,TRUE,,,FALSE
phuk,3,VERB,,,,,,TRUE,,,,FALSE
handbag,1,NOUN,TRUE,,,,,,,,,TRUE
lipstick lesbian,3,NOUN,,,,,TRUE,TRUE,,,,FALSE
banjo lips,4,NOUN,,,,,,,TRUE,,,FALSE
indo,0,NOUN,TRUE,,,,,,,,,FALSE
bushniglet,4,NOUN,,,,,,,TRUE,,,FALSE
skanger,3,NOUN,TRUE,,FALSE,,,,,,,FALSE
gypped,3,ADJ,FALSE,FALSE,FALSE,FALSE,FALSE,FALSE,TRUE,,,FALSE
peni5,1,NOUN,TRUE,,,,,TRUE,,,,FALSE
black dagos,3,NOUN,,,,,,,TRUE,,,FALSE
buttfuckers,3,NOUN,FALSE,FALSE,FALSE,FALSE,FALSE,TRUE,FALSE,FALSE,FALSE,FALSE
clam,3,NOUN,,,,,,TRUE,,,,TRUE
beaner shnitzels,4,NOUN,,,,,,,TRUE,FALSE,FALSE,FALSE
titlicker,2,NOUN,,,,,,TRUE,,,,FALSE
sadist,2,NOUN,TRUE,FALSE,FALSE,FALSE,FALSE,FALSE,FALSE,FALSE,FALSE,FALSE
bix nood,3,NOUN,FALSE,FALSE,FALSE,FALSE,FALSE,FALSE,TRUE,FALSE,FALSE,FALSE
aunt sally,1,NOUN,,,,,,,TRUE,,,TRUE
stinky,2,ADJ,,,TRUE,,,,,,,FALSE
nigar,4,NOUN,,,,,,,TRUE,,,FALSE
hominid,1,NOUN,,,TRUE,,,,,,,FALSE
wop,4,NOUN,,,,,,,TRUE,,,FALSE
velcro heads,4,NOUN,,,,,,,TRUE,,,FALSE
senga,1,NOUN,TRUE,FALSE,FALSE,FALSE,TRUE,FALSE,FALSE,FALSE,FALSE,FALSE
fish,1,NOUN,,,,,TRUE,,,,,FALSE
mussies,3,NOUN,,,,,,,TRUE,,,FALSE
gew,4,NOUN,,,,,,,TRUE,,TRUE,FALSE
krauts,4,NOUN,,,,,,,TRUE,,,FALSE
limeys,2,NOUN,,,,,,,TRUE,,,FALSE
canigglet,4,NOUN,,,,,,,TRUE,,,FALSE
gooseberry,2,NOUN,,,TRUE,,,,,,,FALSE
buddy,1,NOUN,,,TRUE,TRUE,,,,,,FALSE
ling lings,4,NOUN,,,,,,,TRUE,,,FALSE
nigga,4,NOUN,,,,,,,TRUE,,,FALSE
subhuman,4,NOUN,TRUE,,TRUE,,,,,,,FALSE
hore,4,NOUN,FALSE,FALSE,FALSE,FALSE,TRUE,TRUE,FALSE,FALSE,FALSE,FALSE
cheater,2,NOUN,,,TRUE,,,,,,,FALSE
shiner,4,NOUN,,,,,,,TRUE,,,TRUE
pi55,2,NOUN,FALSE,TRUE,FALSE,FALSE,FALSE,FALSE,FALSE,FALSE,FALSE,FALSE
injun,4,NOUN,,,,,,,TRUE,,,FALSE
blue gum,2,NOUN,,,,,,,TRUE,,,FALSE
fuckoff,3,INTJ,,TRUE,,,,TRUE,,,,FALSE
degette,2,NOUN,,,,,TRUE,,TRUE,,,FALSE
niggard's,4,NOUN,,,,,,,TRUE,,,FALSE
swine,3,NOUN,,TRUE,TRUE,,,,TRUE,,,FALSE
leprechauns,2,NOUN,FALSE,FALSE,FALSE,FALSE,FALSE,FALSE,TRUE,FALSE,FALSE,TRUE
puddboy,1,NOUN,,,,,,TRUE,,,,FALSE
executioner,1,NOUN,TRUE,,,,,,,,,FALSE
shithapens,2,VERB,FALSE,TRUE,FALSE,FALSE,FALSE,FALSE,FALSE,FALSE,FALSE,FALSE
üú®,1,:),,,,,,,,TRUE,,FALSE
cocksucer,4,NOUN,FALSE,TRUE,FALSE,FALSE,TRUE,TRUE,FALSE,FALSE,FALSE,FALSE
redskin,4,NOUN,,,,,,,TRUE,,,FALSE
creme,1,NOUN,,,,,,TRUE,,,,FALSE
sodomise,0,NOUN,,,,,,TRUE,,,,FALSE
bi-sexual,0,ADJ,,,,,TRUE,FALSE,,,,FALSE
seppos,3,NOUN,,,,,,,TRUE,,,FALSE
hun,3,NOUN,,,,,,,TRUE,,TRUE,TRUE
guala guala,3,NOUN,,,,,,,TRUE,,,FALSE
failed,1,ADJ,TRUE,,,,,,,,,FALSE
tynkare,4,NOUN,FALSE,FALSE,FALSE,FALSE,FALSE,FALSE,TRUE,FALSE,FALSE,FALSE
hooknosed,3,ADJ,,,,,,,TRUE,,TRUE,FALSE
niggar,4,NOUN,,,,,,,TRUE,,,FALSE
beaners,4,NOUN,,,,,,,TRUE,,,FALSE
deminiggers,4,NOUN,,,,,,,TRUE,,,FALSE
megafaggot,4,NOUN,FALSE,FALSE,FALSE,FALSE,TRUE,FALSE,FALSE,FALSE,FALSE,FALSE
krap,2,NOUN,,TRUE,FALSE,FALSE,FALSE,FALSE,FALSE,FALSE,FALSE,FALSE
sheeeeit,2,INTJ,,TRUE,,,,,,,,FALSE
macaca,4,NOUN,FALSE,FALSE,FALSE,FALSE,FALSE,FALSE,TRUE,FALSE,FALSE,FALSE
papishers,4,NOUN,,,,,,,,,TRUE,FALSE
mud person,4,NOUN,FALSE,FALSE,FALSE,FALSE,FALSE,FALSE,TRUE,FALSE,FALSE,FALSE
wopspeak,4,NOUN,FALSE,FALSE,FALSE,FALSE,FALSE,FALSE,TRUE,FALSE,FALSE,FALSE
jizzum,2,NOUN,FALSE,FALSE,FALSE,FALSE,FALSE,TRUE,FALSE,FALSE,FALSE,FALSE
neds,4,NOUN,TRUE,,TRUE,,,,,,,FALSE
dagowops,4,NOUN,FALSE,FALSE,FALSE,FALSE,FALSE,FALSE,TRUE,FALSE,FALSE,FALSE
battymen,3,NOUN,,,,,TRUE,,,,,FALSE
insest,1,NOUN,TRUE,,,,,TRUE,,,,FALSE
dicklick,2,NOUN,TRUE,,,,,TRUE,,,,FALSE
spiggotties,4,NOUN,,,,,,,TRUE,,,FALSE
sideways cooter,4,NOUN,FALSE,FALSE,FALSE,FALSE,FALSE,FALSE,TRUE,FALSE,FALSE,FALSE
sheeiit,2,INTJ,,TRUE,,,,,,,,FALSE
bumblebees,2,NOUN,FALSE,FALSE,FALSE,FALSE,FALSE,FALSE,TRUE,FALSE,FALSE,TRUE
erection,0,NOUN,,,,,,TRUE,,,,FALSE
perve,2,NOUN,,,,,,TRUE,,,,FALSE
grouch,3,NOUN,,,TRUE,,,,,,,FALSE
tyncar,4,NOUN,FALSE,FALSE,FALSE,FALSE,FALSE,FALSE,TRUE,FALSE,FALSE,FALSE
easyslut,4,NOUN,FALSE,FALSE,FALSE,FALSE,TRUE,TRUE,FALSE,FALSE,FALSE,FALSE
black invaders,4,NOUN,,,,,,,TRUE,TRUE,,FALSE
ping pangs,4,NOUN,FALSE,FALSE,FALSE,FALSE,FALSE,FALSE,TRUE,FALSE,FALSE,FALSE
fingerfuckers,3,NOUN,FALSE,FALSE,FALSE,FALSE,FALSE,TRUE,,,,FALSE
hijacker,2,NOUN,,,TRUE,,,,,,,FALSE
shitbucket,2,NOUN,,TRUE,FALSE,,,,,,,FALSE
neckbeard,3,NOUN,,,TRUE,,,,TRUE,,,FALSE
shitola,2,INTJ,,TRUE,FALSE,FALSE,FALSE,FALSE,FALSE,FALSE,FALSE,FALSE
drunk,0,ADJ,FALSE,FALSE,FALSE,TRUE,FALSE,FALSE,FALSE,FALSE,FALSE,FALSE
sycophant,2,NOUN,TRUE,,,,,,,,,FALSE
banana benders,1,NOUN,FALSE,FALSE,FALSE,FALSE,FALSE,FALSE,TRUE,FALSE,FALSE,FALSE
raper,3,NOUN,FALSE,FALSE,FALSE,FALSE,FALSE,TRUE,FALSE,FALSE,FALSE,FALSE
conmerchant,2,NOUN,TRUE,,,,,,,,,FALSE
skeets,2,NOUN,,,TRUE,FALSE,FALSE,FALSE,FALSE,FALSE,FALSE,FALSE
phuq,2,VERB,,TRUE,,,,TRUE,,,,FALSE
chiggers,4,NOUN,FALSE,FALSE,FALSE,FALSE,FALSE,FALSE,TRUE,FALSE,FALSE,TRUE
ghosts,4,NOUN,,,,,,,TRUE,,,TRUE
slutwear,4,NOUN,FALSE,FALSE,FALSE,FALSE,TRUE,TRUE,FALSE,FALSE,FALSE,FALSE
stupidfucker,3,NOUN,,,,TRUE,,TRUE,,,,FALSE
bulldyke,4,NOUN,,,,,TRUE,,,,,FALSE
lithuanian,0,ADJ,,,,,,,TRUE,,,FALSE
gingette,1,NOUN,,,,,,,TRUE,FALSE,FALSE,FALSE
shawty pimp,1,NOUN,FALSE,FALSE,FALSE,FALSE,TRUE,FALSE,FALSE,FALSE,FALSE,FALSE
jism,2,NOUN,FALSE,FALSE,FALSE,FALSE,FALSE,TRUE,FALSE,FALSE,FALSE,FALSE
tinkars,4,NOUN,FALSE,FALSE,FALSE,FALSE,FALSE,FALSE,TRUE,FALSE,FALSE,FALSE
breastjob,1,NOUN,FALSE,FALSE,FALSE,FALSE,FALSE,TRUE,FALSE,FALSE,FALSE,FALSE
half bred,4,NOUN,,,,,,,TRUE,,,FALSE
pintos,3,NOUN,,,,,,,TRUE,,,TRUE
obese,1,ADJ,TRUE,FALSE,FALSE,FALSE,FALSE,FALSE,TRUE,FALSE,FALSE,FALSE
jits,2,NOUN,TRUE,,,,,,,,,FALSE
goddamned,2,ADJ,TRUE,,,,,,,,TRUE,FALSE
camel jackers,4,NOUN,FALSE,FALSE,FALSE,FALSE,FALSE,FALSE,TRUE,FALSE,FALSE,FALSE
camel jockeys,3,NOUN,,,,,,,TRUE,,,FALSE
bengalis,0,ADJ,FALSE,FALSE,FALSE,FALSE,FALSE,FALSE,TRUE,FALSE,TRUE,TRUE
mickeys,1,NOUN,,,,,,,TRUE,,,TRUE
horse'sass,2,NOUN,FALSE,TRUE,FALSE,FALSE,FALSE,FALSE,FALSE,FALSE,FALSE,FALSE
hoosiers,4,NOUN,TRUE,FALSE,FALSE,FALSE,FALSE,FALSE,FALSE,FALSE,FALSE,TRUE
slopy,4,NOUN,FALSE,FALSE,FALSE,FALSE,FALSE,FALSE,TRUE,FALSE,FALSE,FALSE
megabitch,4,NOUN,,,,FALSE,TRUE,FALSE,FALSE,FALSE,FALSE,FALSE
sheltas,3,NOUN,FALSE,FALSE,FALSE,FALSE,FALSE,FALSE,TRUE,FALSE,FALSE,FALSE
cracker,4,NOUN,,,,,,,TRUE,,,FALSE
cowboy killer,3,NOUN,FALSE,FALSE,FALSE,FALSE,FALSE,FALSE,TRUE,FALSE,FALSE,FALSE
arsit,2,NOUN,,TRUE,,,,,,,,FALSE
handjob,1,NOUN,,,,,,TRUE,,,,FALSE
dogfucker,3,NOUN,,,,,,TRUE,,,,FALSE
bagofdicks,3,NOUN,,,TRUE,,,,,,,FALSE
shitface,4,NOUN,FALSE,TRUE,FALSE,FALSE,FALSE,FALSE,TRUE,FALSE,FALSE,FALSE
triplex,1,NOUN,,,,,,TRUE,,,,FALSE
banana landers,1,NOUN,,,,,,,TRUE,,,FALSE
muncher,4,NOUN,,,,,TRUE,,,,,FALSE
fruit,2,NOUN,,,,,TRUE,,,,,TRUE
sonofawhore,4,NOUN,FALSE,FALSE,FALSE,FALSE,TRUE,TRUE,FALSE,FALSE,FALSE,FALSE
filipina,0,NOUN,,,,,,,TRUE,,,FALSE
bigbutt,2,NOUN,FALSE,TRUE,FALSE,FALSE,FALSE,FALSE,FALSE,FALSE,FALSE,FALSE
niggerhead,4,NOUN,,FALSE,,,,,TRUE,,,FALSE
rocker,0,NOUN,TRUE,,,,,,,,,FALSE
bihari,2,NOUN,FALSE,FALSE,FALSE,FALSE,FALSE,FALSE,TRUE,FALSE,FALSE,TRUE
horse,0,NOUN,,,TRUE,,,,,,,FALSE
pussie,4,ADJ,FALSE,FALSE,FALSE,FALSE,TRUE,TRUE,FALSE,FALSE,FALSE,FALSE
koon,3,NOUN,,,,,,TRUE,TRUE,,,FALSE
peckerwoods,3,NOUN,,,,,,,TRUE,,,FALSE
wiggers,4,NOUN,TRUE,,,,,,TRUE,,,FALSE
trollface,1,NOUN,TRUE,,,,,,,,,FALSE
hussy,3,NOUN,FALSE,FALSE,FALSE,FALSE,TRUE,TRUE,FALSE,FALSE,FALSE,FALSE
cockrider,2,NOUN,,,,,,TRUE,,,,FALSE
pohms,3,NOUN,,,,,,,TRUE,,,FALSE
geebag,3,NOUN,,,TRUE,,,TRUE,,,,FALSE
fibber,1,NOUN,TRUE,,,,,,,,,FALSE
fiend,2,NOUN,,,TRUE,,,,,,,FALSE
skull,0,NOUN,TRUE,FALSE,FALSE,FALSE,FALSE,FALSE,FALSE,FALSE,FALSE,FALSE
yids,3,NOUN,,,,,,,TRUE,,,FALSE
ice niggers,4,NOUN,,,,,,,TRUE,,,FALSE
prophet,0,NOUN,,,,,,,,,TRUE,FALSE
cave nigger,4,NOUN,,,,,,,TRUE,,,FALSE
mongol,4,NOUN,,,,TRUE,,,,,,TRUE
suckmydick,2,VERB,FALSE,TRUE,FALSE,FALSE,FALSE,TRUE,FALSE,FALSE,FALSE,FALSE
niger,4,NOUN,,,,,,,TRUE,,,FALSE
spicish,4,ADJ,FALSE,FALSE,FALSE,FALSE,FALSE,FALSE,TRUE,FALSE,FALSE,FALSE
bitchface,2,NOUN,FALSE,FALSE,FALSE,FALSE,FALSE,TRUE,FALSE,,,FALSE
genocidal,1,ADJ,TRUE,,,,,,TRUE,FALSE,,FALSE
spicspeak,4,NOUN,FALSE,FALSE,FALSE,FALSE,FALSE,FALSE,TRUE,FALSE,FALSE,FALSE
guidette,3,NOUN,FALSE,FALSE,FALSE,FALSE,FALSE,FALSE,TRUE,FALSE,FALSE,FALSE
dagette,3,NOUN,,,,,,,TRUE,,,FALSE
sheepfucker,4,NOUN,FALSE,TRUE,FALSE,FALSE,FALSE,FALSE,TRUE,FALSE,FALSE,FALSE
mtns,3,NOUN,,FALSE,FALSE,FALSE,FALSE,FALSE,TRUE,FALSE,FALSE,TRUE
mgger,4,NOUN,FALSE,FALSE,FALSE,FALSE,FALSE,FALSE,TRUE,FALSE,FALSE,FALSE
pigfucker,3,NOUN,FALSE,FALSE,FALSE,FALSE,FALSE,TRUE,FALSE,FALSE,FALSE,FALSE
muzzlepig,3,NOUN,,,,,,,TRUE,,TRUE,FALSE
jihadi-american,1,NOUN,TRUE,FALSE,FALSE,FALSE,FALSE,FALSE,FALSE,FALSE,TRUE,FALSE
barelylegal,1,NOUN,FALSE,FALSE,FALSE,FALSE,TRUE,TRUE,FALSE,FALSE,FALSE,FALSE
munter,4,NOUN,,,,,,,TRUE,,,FALSE
spiggers,4,NOUN,,,,,,,TRUE,,,FALSE
gurrier,4,NOUN,TRUE,FALSE,FALSE,FALSE,FALSE,FALSE,FALSE,FALSE,FALSE,FALSE
lawn jockeys,4,NOUN,FALSE,FALSE,FALSE,FALSE,FALSE,FALSE,TRUE,FALSE,FALSE,TRUE
jew-fucker,3,NOUN,FALSE,FALSE,FALSE,FALSE,FALSE,TRUE,FALSE,FALSE,TRUE,FALSE
blaggard,4,NOUN,,,,,,,TRUE,,,FALSE
closet dykes,4,NOUN,,,,,TRUE,,,,,FALSE
gimpy,4,ADJ,TRUE,,,TRUE,,,,,,FALSE
dune nigger,4,NOUN,,,,,,,TRUE,,,FALSE
honyaks,4,NOUN,FALSE,FALSE,FALSE,FALSE,FALSE,FALSE,TRUE,FALSE,FALSE,FALSE
assranger,3,NOUN,FALSE,FALSE,FALSE,FALSE,TRUE,FALSE,FALSE,FALSE,FALSE,FALSE
squatemalan,4,NOUN,,,,,,,TRUE,,,FALSE
fistfucking,2,NOUN,,,,,,TRUE,,,,FALSE
paddy,4,NOUN,,,,,,,TRUE,,,FALSE
moohamad,0,NOUN,FALSE,,,,,,TRUE,,,FALSE
grumpy,0,ADJ,TRUE,,,,,,,,,FALSE
sloane ranger,1,NOUN,TRUE,,,,,,,,,FALSE
mooks,2,NOUN,TRUE,,,,,,,,,FALSE
vatican,0,NOUN,,,,,,,,,TRUE,FALSE
assclown,3,NOUN,,,,TRUE,,,,,,FALSE
quadroons,4,NOUN,,,,,,,TRUE,,,FALSE
faggoty,4,ADJ,FALSE,FALSE,FALSE,FALSE,TRUE,FALSE,FALSE,FALSE,FALSE,FALSE
kumbubble,2,NOUN,FALSE,TRUE,FALSE,FALSE,FALSE,TRUE,FALSE,FALSE,FALSE,FALSE
nigre,4,NOUN,,,,,,,TRUE,,,FALSE
picaninnys,4,NOUN,FALSE,FALSE,FALSE,FALSE,FALSE,FALSE,TRUE,FALSE,FALSE,FALSE
biatch,3,NOUN,FALSE,,,,TRUE,,,,,FALSE
bearded,1,ADJ,FALSE,FALSE,FALSE,FALSE,FALSE,FALSE,TRUE,FALSE,FALSE,FALSE
bush bandit,1,NOUN,TRUE,FALSE,FALSE,FALSE,FALSE,FALSE,FALSE,FALSE,FALSE,FALSE
shysters,4,NOUN,TRUE,,,,,,FALSE,,,FALSE
snownigger,4,NOUN,,,,,,,TRUE,,,FALSE
lovebone,1,NOUN,FALSE,FALSE,FALSE,FALSE,FALSE,TRUE,FALSE,FALSE,FALSE,FALSE
yanks,3,NOUN,,,,,,,TRUE,,,FALSE
nig,4,NOUN,,,,,,,TRUE,,,FALSE
athletesfoot,0,NOUN,TRUE,FALSE,,,,,,,,FALSE
kikesberg,4,NOUN,,,,,,,,,TRUE,FALSE
geez,1,NOUN,,TRUE,,,,,,,TRUE,FALSE
hooters,1,NOUN,,,,,TRUE,TRUE,,,,TRUE
niggur,4,NOUN,,,,,,,TRUE,,,FALSE
oven dodgers,4,NOUN,,,,,,,TRUE,,TRUE,FALSE
heebs,3,NOUN,,,,,,,,,TRUE,FALSE
niggahs,4,NOUN,,,,,,,TRUE,,,FALSE
niggertown,4,NOUN,,,,,,,TRUE,,,FALSE
asskisser,3,NOUN,TRUE,,,,,TRUE,,,,FALSE
lovegoo,2,NOUN,FALSE,FALSE,FALSE,FALSE,FALSE,TRUE,FALSE,FALSE,FALSE,FALSE
pooper,2,NOUN,,TRUE,,,,,,,,FALSE
shitbag,3,NOUN,,TRUE,,,,,,,,FALSE
envirotard,3,NOUN,,,FALSE,TRUE,,,,TRUE,,FALSE
pikers,3,NOUN,,,,,,,TRUE,,,TRUE
vampire,1,NOUN,,,TRUE,,,,,,,FALSE
skags,3,NOUN,,,,,TRUE,TRUE,,,,TRUE
darkie,4,NOUN,,,,,,,TRUE,,,FALSE
whitenigger,4,NOUN,,,,,,,TRUE,,,FALSE
femininity,0,NOUN,,,,,TRUE,,,,,FALSE
skunk,1,NOUN,TRUE,,,,,,,,,TRUE
filthypinoes,4,NOUN,FALSE,FALSE,FALSE,FALSE,FALSE,FALSE,TRUE,FALSE,FALSE,FALSE
niggerhole,4,NOUN,,,,,,,TRUE,,,FALSE
seminiggers,4,NOUN,,,,,,,TRUE,,,FALSE
teste,1,NOUN,FALSE,FALSE,FALSE,FALSE,FALSE,TRUE,FALSE,FALSE,FALSE,FALSE
bumchum,2,NOUN,,,,,TRUE,,,,,FALSE
shylock,3,NOUN,,,,,,,TRUE,,TRUE,FALSE
papists,4,NOUN,,,,,,,,,TRUE,FALSE
sextoys,0,NOUN,FALSE,FALSE,FALSE,FALSE,FALSE,TRUE,FALSE,FALSE,FALSE,FALSE
countrybumpkin,2,NOUN,TRUE,,,,,,,,,FALSE
zigabo,4,NOUN,FALSE,FALSE,FALSE,FALSE,FALSE,FALSE,TRUE,FALSE,FALSE,FALSE
scanger,3,NOUN,TRUE,,,,,,,,,FALSE
begone,2,VERB,,,TRUE,,,,,,,FALSE
fatah,1,NOUN,TRUE,,,,,,,,,FALSE
offender,1,NOUN,TRUE,,,,,,,,,FALSE
div,3,NOUN,,,,TRUE,,,,,,FALSE
allah,0,NOUN,,,,,,,FALSE,,TRUE,FALSE
azz,2,NOUN,,TRUE,,,,TRUE,,,,FALSE
teenage,0,NOUN,,,,,,,TRUE,,,FALSE
gippos,4,NOUN,FALSE,FALSE,FALSE,FALSE,FALSE,FALSE,TRUE,FALSE,FALSE,FALSE
lezz,2,NOUN,,,,,TRUE,TRUE,,,,FALSE
nappyhead,4,NOUN,FALSE,FALSE,FALSE,FALSE,FALSE,FALSE,TRUE,FALSE,FALSE,FALSE
tynekere,4,NOUN,FALSE,FALSE,FALSE,FALSE,FALSE,FALSE,TRUE,FALSE,FALSE,FALSE
batty boy,3,NOUN,,,,,TRUE,FALSE,FALSE,FALSE,FALSE,TRUE
fuckfreak,2,NOUN,FALSE,FALSE,FALSE,FALSE,FALSE,TRUE,FALSE,FALSE,FALSE,FALSE
fuckinnuts,2,ADJ,FALSE,TRUE,FALSE,TRUE,FALSE,FALSE,FALSE,FALSE,FALSE,FALSE
boonie,3,NOUN,,,,,,,TRUE,,,FALSE
degos,2,NOUN,,,,,,,TRUE,,,FALSE
slutty,3,ADJ,FALSE,FALSE,FALSE,FALSE,TRUE,TRUE,FALSE,FALSE,FALSE,FALSE
border hopper,3,NOUN,TRUE,FALSE,TRUE,FALSE,FALSE,FALSE,TRUE,,,FALSE
dinklady,4,NOUN,FALSE,FALSE,FALSE,FALSE,FALSE,FALSE,TRUE,FALSE,FALSE,FALSE
guinea,4,NOUN,,,,,,,TRUE,,,FALSE
hoodrats,4,NOUN,,,,,TRUE,TRUE,TRUE,,,FALSE
curry slurper,4,NOUN,,,,,,,TRUE,,,FALSE
gyppies,3,NOUN,,,,,,,TRUE,FALSE,FALSE,FALSE
cocoa puff,3,NOUN,,,,,,,TRUE,,,TRUE
threesome,0,NOUN,,FALSE,,,,TRUE,,,,FALSE
ubangi,2,NOUN,FALSE,FALSE,FALSE,FALSE,FALSE,FALSE,TRUE,FALSE,FALSE,FALSE
tongethruster,1,NOUN,FALSE,FALSE,FALSE,FALSE,FALSE,TRUE,FALSE,FALSE,FALSE,FALSE
chinky,4,ADJ,,,,,,,TRUE,,,FALSE
cumbubble,2,NOUN,FALSE,TRUE,FALSE,FALSE,FALSE,TRUE,FALSE,FALSE,FALSE,FALSE
jigro,4,NOUN,,,,,,,TRUE,,,FALSE
kink,1,NOUN,,,,,,TRUE,,,,FALSE
jigg,4,NOUN,,,,,,,TRUE,,,FALSE
gas huffer,3,NOUN,,,,,,,TRUE,,,FALSE
conchudas,4,NOUN,,,,,TRUE,,,,,FALSE
fuckboy,3,NOUN,,,,,TRUE,TRUE,,,,FALSE
buk buk,2,NOUN,,,,,,,TRUE,,,FALSE
footfucker,2,NOUN,,,,,,TRUE,,,,FALSE
oreo,4,NOUN,,,,,,,TRUE,,,TRUE
jiggaboos,4,NOUN,,,,,,,TRUE,,,FALSE
spice niggers,4,NOUN,,,,,,,TRUE,,,FALSE
taffy,3,NOUN,,,,,,,TRUE,,,TRUE
chopped,0,ADJ,TRUE,,,,,,,,,FALSE
whoreson,4,NOUN,FALSE,TRUE,FALSE,FALSE,FALSE,FALSE,FALSE,FALSE,FALSE,FALSE
lowlander,3,NOUN,,,,,,,TRUE,,,FALSE
moors,3,NOUN,,,,,,,TRUE,,,TRUE
vomit,2,VERB,FALSE,TRUE,FALSE,FALSE,FALSE,FALSE,FALSE,FALSE,FALSE,FALSE
mokes,4,NOUN,FALSE,FALSE,FALSE,FALSE,FALSE,FALSE,TRUE,FALSE,FALSE,FALSE
amateur,2,NOUN,FALSE,FALSE,FALSE,FALSE,TRUE,FALSE,FALSE,FALSE,FALSE,FALSE
mochs,3,NOUN,FALSE,FALSE,FALSE,FALSE,FALSE,FALSE,TRUE,FALSE,FALSE,FALSE
slags,4,NOUN,,,,,TRUE,TRUE,,,,FALSE
clogwog,2,NOUN,,,,,,,TRUE,,,FALSE
coonadian,4,NOUN,,,,,,,TRUE,,,FALSE
dickbreath,2,NOUN,FALSE,TRUE,FALSE,FALSE,FALSE,FALSE,FALSE,FALSE,FALSE,FALSE
buttman,2,NOUN,,,,,TRUE,,,,,FALSE
jhant,1,NOUN,TRUE,FALSE,FALSE,FALSE,FALSE,FALSE,FALSE,FALSE,FALSE,FALSE
weirdos,2,NOUN,FALSE,FALSE,FALSE,TRUE,FALSE,FALSE,FALSE,FALSE,FALSE,FALSE
dun,1,NOUN,TRUE,,,TRUE,,,,,,FALSE
whorientals,4,NOUN,,,,,TRUE,,TRUE,,,FALSE
charly,2,NOUN,FALSE,FALSE,FALSE,FALSE,FALSE,FALSE,TRUE,FALSE,FALSE,FALSE
lubra,4,NOUN,FALSE,FALSE,FALSE,FALSE,FALSE,FALSE,TRUE,FALSE,FALSE,FALSE
sexwhore,4,NOUN,FALSE,FALSE,FALSE,FALSE,TRUE,TRUE,FALSE,FALSE,FALSE,FALSE
higger,4,NOUN,,FALSE,,,,,TRUE,,,FALSE
zippohead,4,NOUN,FALSE,FALSE,FALSE,FALSE,FALSE,FALSE,TRUE,FALSE,FALSE,FALSE
spiks,4,NOUN,,,,,,,TRUE,,,FALSE
pointy head,3,NOUN,,,,,,,TRUE,,,FALSE
saprophyte,1,ADJ,,,TRUE,,,,,,,FALSE
pissin,2,VERB,,TRUE,FALSE,FALSE,FALSE,FALSE,FALSE,FALSE,FALSE,FALSE
farting,0,VERB,FALSE,TRUE,FALSE,FALSE,FALSE,FALSE,FALSE,FALSE,FALSE,FALSE
hebro,4,NOUN,FALSE,FALSE,FALSE,FALSE,FALSE,FALSE,TRUE,FALSE,TRUE,FALSE
fink,2,NOUN,TRUE,,TRUE,,,,,,,FALSE
crotchrot,3,NOUN,FALSE,TRUE,TRUE,FALSE,FALSE,FALSE,FALSE,FALSE,FALSE,FALSE
net heads,3,NOUN,,,,,,,TRUE,,,FALSE
neche,3,NOUN,FALSE,FALSE,FALSE,FALSE,FALSE,FALSE,TRUE,FALSE,FALSE,FALSE
splittail,3,NOUN,FALSE,FALSE,FALSE,FALSE,TRUE,FALSE,FALSE,FALSE,FALSE,FALSE
zipperhead,4,NOUN,,,,,,,TRUE,,,FALSE
russellite,4,NOUN,FALSE,FALSE,FALSE,FALSE,FALSE,FALSE,FALSE,FALSE,TRUE,FALSE
border bunnies,3,NOUN,TRUE,FALSE,TRUE,FALSE,FALSE,FALSE,TRUE,,,FALSE
interracial,1,ADJ,,,,,,,TRUE,,,FALSE
azns,1,NOUN,,,,,,,TRUE,,,FALSE
clit,2,NOUN,,,,,TRUE,TRUE,,,,FALSE
pussyfucker,3,NOUN,,,,,,TRUE,,,,FALSE
twobitwhore,3,NOUN,,,TRUE,,,TRUE,,,,FALSE
hymies,3,NOUN,,,,,,,,,TRUE,FALSE
bootlip,4,NOUN,,,,,,,TRUE,,,FALSE
servant,1,NOUN,FALSE,,TRUE,,,,,,,FALSE
mossheads,3,NOUN,FALSE,FALSE,FALSE,FALSE,FALSE,FALSE,TRUE,FALSE,FALSE,FALSE
samckdaddy,1,NOUN,FALSE,FALSE,FALSE,FALSE,FALSE,TRUE,FALSE,FALSE,FALSE,FALSE
phonesex,0,NOUN,,,,,,TRUE,,,,FALSE
butt-fucker,3,NOUN,FALSE,FALSE,FALSE,FALSE,FALSE,TRUE,FALSE,FALSE,FALSE,FALSE
pocho,3,NOUN,,,,,,,TRUE,,,FALSE
died,3,ADJ,FALSE,TRUE,FALSE,FALSE,FALSE,FALSE,FALSE,FALSE,FALSE,FALSE
shitsack,2,NOUN,FALSE,TRUE,FALSE,FALSE,FALSE,FALSE,FALSE,FALSE,FALSE,FALSE
brass ankle,3,NOUN,FALSE,FALSE,FALSE,FALSE,FALSE,FALSE,TRUE,FALSE,FALSE,FALSE
pimper,2,NOUN,TRUE,FALSE,FALSE,FALSE,FALSE,FALSE,FALSE,FALSE,FALSE,FALSE
homobangers,3,NOUN,,,,,TRUE,TRUE,FALSE,,,FALSE
prod,3,NOUN,,,,,,,,,TRUE,TRUE
can and ban,2,NOUN,,,,,,,TRUE,FALSE,FALSE,FALSE
whites,0,NOUN,,,,,,,TRUE,,,FALSE
fruities,2,NOUN,FALSE,FALSE,FALSE,FALSE,TRUE,FALSE,FALSE,FALSE,FALSE,TRUE
taco niggers,4,NOUN,,,,,,,TRUE,,,FALSE
footfuck,2,NOUN,FALSE,FALSE,FALSE,FALSE,FALSE,TRUE,FALSE,FALSE,FALSE,FALSE
fagtard,4,NOUN,FALSE,FALSE,FALSE,TRUE,TRUE,FALSE,FALSE,FALSE,FALSE,FALSE
dinks,4,NOUN,FALSE,FALSE,FALSE,FALSE,FALSE,FALSE,TRUE,FALSE,FALSE,FALSE
kumquat,2,NOUN,TRUE,,,,,,,,,FALSE
stovepipes,4,NOUN,FALSE,FALSE,FALSE,FALSE,FALSE,FALSE,TRUE,FALSE,FALSE,FALSE
armos,1,NOUN,,,,,,,TRUE,,,FALSE
jesuschrist,0,INTJ,,TRUE,,,,,,,TRUE,FALSE
spink,4,NOUN,FALSE,FALSE,FALSE,FALSE,FALSE,FALSE,TRUE,FALSE,FALSE,FALSE
beldame,2,NOUN,FALSE,FALSE,TRUE,FALSE,TRUE,FALSE,FALSE,FALSE,FALSE,FALSE
mulignans,2,NOUN,FALSE,FALSE,FALSE,FALSE,FALSE,FALSE,TRUE,FALSE,FALSE,FALSE
niglets,4,NOUN,,,,,,,TRUE,,,FALSE
butterheads,3,NOUN,,,,,,TRUE,TRUE,,,FALSE
northern monkey,3,NOUN,FALSE,FALSE,TRUE,TRUE,FALSE,FALSE,FALSE,FALSE,FALSE,FALSE
anus,1,NOUN,FALSE,FALSE,FALSE,FALSE,FALSE,TRUE,FALSE,FALSE,FALSE,FALSE
moon crickets,4,NOUN,,,,,,,TRUE,,,FALSE
mongs,4,NOUN,TRUE,,TRUE,TRUE,,,,,,FALSE
titfuckin,2,VERB,FALSE,FALSE,FALSE,FALSE,FALSE,TRUE,FALSE,FALSE,FALSE,FALSE
jijjiboo,4,NOUN,FALSE,FALSE,FALSE,FALSE,FALSE,FALSE,TRUE,FALSE,FALSE,FALSE
nigglings,4,NOUN,,,,,,,TRUE,,,FALSE
sand nip,4,NOUN,FALSE,FALSE,FALSE,FALSE,FALSE,FALSE,TRUE,FALSE,FALSE,FALSE
mack,1,VERB,,,,,TRUE,,,,,FALSE
ghetto hamster,4,NOUN,,,,,,,TRUE,,,FALSE
scat,1,ADJ,,,,,,TRUE,,,,FALSE
bazongas,2,NOUN,,,,,,TRUE,,,,FALSE
assjockey,3,NOUN,,,,,TRUE,TRUE,,,,FALSE
jackwagon,2,NOUN,,,FALSE,TRUE,,,,,,FALSE
doll,2,NOUN,,,TRUE,,TRUE,,,,,FALSE
eyetie,3,NOUN,,,,,,,TRUE,,,FALSE
cuntfuck,4,NOUN,FALSE,FALSE,FALSE,FALSE,FALSE,TRUE,FALSE,FALSE,FALSE,FALSE
executed,0,ADJ,TRUE,,,,,,,,,FALSE
faggit,4,NOUN,FALSE,FALSE,FALSE,FALSE,TRUE,FALSE,FALSE,FALSE,FALSE,FALSE
jigarooni,4,NOUN,,,,,,,TRUE,,,FALSE
sista,0,NOUN,,,,,,,TRUE,,,FALSE
asscowboy,2,NOUN,FALSE,FALSE,FALSE,FALSE,FALSE,TRUE,FALSE,FALSE,FALSE,FALSE
kushites,3,NOUN,,,,,,,TRUE,,,FALSE
mud duck,4,NOUN,FALSE,FALSE,FALSE,FALSE,FALSE,FALSE,TRUE,FALSE,FALSE,FALSE
vaginal,0,ADJ,,,,,,TRUE,,,,FALSE
cushites,3,NOUN,,,,,,,TRUE,,,FALSE
pommie grants,4,NOUN,FALSE,FALSE,FALSE,FALSE,FALSE,FALSE,TRUE,FALSE,FALSE,FALSE
yellow cab,3,NOUN,FALSE,FALSE,FALSE,FALSE,TRUE,TRUE,FALSE,FALSE,FALSE,FALSE
gangbanged,1,ADJ,FALSE,FALSE,FALSE,FALSE,FALSE,TRUE,FALSE,FALSE,FALSE,FALSE
lubejob,1,NOUN,FALSE,FALSE,FALSE,FALSE,FALSE,TRUE,FALSE,FALSE,FALSE,FALSE
chode,1,NOUN,,,,,,TRUE,,,,FALSE
livesex,0,NOUN,FALSE,FALSE,FALSE,FALSE,FALSE,TRUE,FALSE,FALSE,FALSE,FALSE
hecate,0,NOUN,,,,,,,,FALSE,TRUE,FALSE
muzzies,3,NOUN,,,,,,,TRUE,,TRUE,FALSE
nitchy,3,NOUN,FALSE,FALSE,FALSE,FALSE,FALSE,FALSE,TRUE,FALSE,FALSE,FALSE
tinkards,4,NOUN,FALSE,FALSE,FALSE,TRUE,FALSE,FALSE,TRUE,,,FALSE
buckethead,3,NOUN,,,,,,,TRUE,,,FALSE
gimp,4,NOUN,,,,TRUE,,,TRUE,,,FALSE
booby,1,NOUN,,,,,,TRUE,,,,FALSE
coolies,4,NOUN,,,,,,,TRUE,,,FALSE
oddball,2,NOUN,,,TRUE,,,,,,,FALSE
bitter clinger,2,NOUN,FALSE,FALSE,FALSE,FALSE,FALSE,FALSE,FALSE,TRUE,TRUE,FALSE
spickish,4,ADJ,,,,,,,TRUE,,,FALSE
cameljockey,2,NOUN,,,,,,TRUE,TRUE,,,FALSE
booners,4,NOUN,FALSE,FALSE,FALSE,FALSE,FALSE,FALSE,TRUE,FALSE,FALSE,FALSE
untermenschen,4,NOUN,,,TRUE,,,,,TRUE,,FALSE
üí©,2,:),,TRUE,,,,,,,,FALSE
hymen,0,NOUN,FALSE,FALSE,FALSE,FALSE,TRUE,FALSE,FALSE,FALSE,FALSE,FALSE
peepee,1,NOUN,FALSE,TRUE,,,,TRUE,,,,FALSE
jerries,3,NOUN,,,,,,,TRUE,FALSE,FALSE,TRUE
pseudo-intellectual,2,NOUN,,,,TRUE,,,,,,FALSE
ah beng,2,NOUN,FALSE,FALSE,FALSE,FALSE,TRUE,FALSE,TRUE,FALSE,FALSE,FALSE
dogan,4,NOUN,FALSE,FALSE,FALSE,FALSE,FALSE,FALSE,TRUE,FALSE,TRUE,FALSE
bi,0,NOUN,,,,,TRUE,,,,,FALSE
jewtarded,3,NOUN,FALSE,FALSE,FALSE,TRUE,FALSE,FALSE,TRUE,FALSE,TRUE,FALSE
nao,0,INTJ,TRUE,,,,,,,,,FALSE
shitter,3,NOUN,,TRUE,,,TRUE,,,,,FALSE
boongas,2,NOUN,TRUE,,,,,,,,,FALSE
rhine monkeys,3,NOUN,FALSE,FALSE,TRUE,FALSE,FALSE,FALSE,TRUE,FALSE,FALSE,FALSE
sand niggers,4,NOUN,,,,,,,TRUE,,,FALSE
wank,2,VERB,FALSE,TRUE,FALSE,FALSE,FALSE,TRUE,FALSE,FALSE,FALSE,FALSE
husky,1,NOUN,,,,,,,TRUE,,,FALSE
spray,1,VERB,TRUE,,,,,TRUE,,,,TRUE
muffindiver,2,NOUN,,,,,,TRUE,,,,FALSE
motherfuckings,3,ADJ,TRUE,FALSE,,,,TRUE,,,,FALSE
eight balls,1,NOUN,TRUE,,,,,,TRUE,,,TRUE
mothafucking,2,ADJ,,TRUE,,,,TRUE,,,,FALSE
cockholster,2,NOUN,,TRUE,,,,,,,,FALSE
cocksucking,3,VERB,,FALSE,,,,TRUE,,,,FALSE
shet,2,NOUN,,TRUE,,,,,,,,FALSE
defecate,0,VERB,,TRUE,,,,FALSE,,,,FALSE
bolsheviks,0,NOUN,,,,,,,,TRUE,,FALSE
golliwogs,4,NOUN,,,,,,,TRUE,,,FALSE
nog,4,NOUN,,,,,,,TRUE,,,FALSE
gubba,3,NOUN,,,,,,,TRUE,,,FALSE
kaffer,3,NOUN,,,,,,,,,TRUE,FALSE
shag,2,VERB,,,,,,TRUE,,,,FALSE
funeral,0,NOUN,TRUE,,,,,,,,,FALSE
eggs,3,NOUN,,,,TRUE,TRUE,,,,,TRUE
numbnuts,2,NOUN,FALSE,FALSE,FALSE,TRUE,FALSE,FALSE,FALSE,FALSE,FALSE,FALSE
gin,4,NOUN,,,,,,,TRUE,,,FALSE
kotiyas,3,NOUN,FALSE,FALSE,FALSE,FALSE,FALSE,FALSE,TRUE,FALSE,FALSE,FALSE
bootlicker,2,NOUN,,,TRUE,,,,,,,FALSE
recede,1,NOUN,,,TRUE,TRUE,,,,,,FALSE
low-life,3,NOUN,TRUE,FALSE,FALSE,FALSE,FALSE,FALSE,FALSE,FALSE,FALSE,FALSE
red niggers,4,NOUN,,,,,,,TRUE,,,FALSE
cohees,1,NOUN,,,,,,,TRUE,,,FALSE
virginbreaker,2,NOUN,FALSE,FALSE,FALSE,FALSE,FALSE,TRUE,FALSE,FALSE,FALSE,FALSE
sand monkey,4,NOUN,FALSE,FALSE,FALSE,FALSE,FALSE,FALSE,TRUE,FALSE,FALSE,FALSE
shagging,2,VERB,FALSE,FALSE,FALSE,FALSE,FALSE,TRUE,FALSE,FALSE,FALSE,FALSE
honklets,3,NOUN,,,,,,,TRUE,,,FALSE
nidges,3,NOUN,,,,,,,TRUE,,,FALSE
ass-nugget,2,NOUN,FALSE,TRUE,FALSE,FALSE,FALSE,FALSE,FALSE,FALSE,FALSE,FALSE
culchie,2,NOUN,FALSE,FALSE,FALSE,FALSE,FALSE,FALSE,TRUE,FALSE,FALSE,FALSE
skum,3,NOUN,FALSE,FALSE,TRUE,FALSE,FALSE,FALSE,FALSE,FALSE,FALSE,FALSE
fatso,4,NOUN,,TRUE,,,,,TRUE,,,FALSE
spiv,1,NOUN,TRUE,FALSE,FALSE,FALSE,FALSE,FALSE,FALSE,FALSE,FALSE,FALSE
pineapple nigger,4,NOUN,,,,,,,TRUE,,,FALSE
chimp-out,3,VERB,,,TRUE,,,,,,,FALSE
dodo,3,NOUN,,,TRUE,,,,,,,FALSE
roach,3,NOUN,,,TRUE,,,,,,,TRUE
evl,1,NOUN,TRUE,,FALSE,,,,,,,FALSE
spermherder,2,NOUN,,,,,,TRUE,,,,FALSE
buttpirate,2,NOUN,,,,,TRUE,,,,,FALSE
good goy,2,NOUN,,,,,,,,,TRUE,TRUE
gypsy,3,NOUN,FALSE,FALSE,FALSE,FALSE,FALSE,FALSE,TRUE,FALSE,FALSE,FALSE
fuckmonkey,3,NOUN,FALSE,FALSE,TRUE,FALSE,FALSE,TRUE,FALSE,FALSE,FALSE,FALSE
wallflower,1,NOUN,,,TRUE,,,,,,,FALSE
careerism,1,NOUN,TRUE,,,,,,,,,FALSE
wogs,4,NOUN,,,,,,,TRUE,,,FALSE
border baby,3,NOUN,TRUE,FALSE,TRUE,FALSE,FALSE,FALSE,TRUE,,,FALSE
tynkeres,4,NOUN,FALSE,FALSE,FALSE,FALSE,FALSE,FALSE,TRUE,FALSE,FALSE,FALSE
dildo,0,NOUN,FALSE,FALSE,FALSE,FALSE,FALSE,TRUE,FALSE,FALSE,FALSE,FALSE
piccaninny,3,NOUN,,,,,,,TRUE,,,FALSE
asscunt,4,NOUN,FALSE,FALSE,FALSE,FALSE,FALSE,TRUE,FALSE,FALSE,FALSE,FALSE
bull dyke,4,NOUN,,,,,TRUE,,,,,FALSE
hoople head,2,NOUN,FALSE,FALSE,FALSE,TRUE,FALSE,FALSE,FALSE,FALSE,FALSE,FALSE
camel cowboy,4,NOUN,FALSE,FALSE,FALSE,FALSE,FALSE,FALSE,TRUE,FALSE,FALSE,FALSE
sideways vagina,4,NOUN,,,,,,,TRUE,,,FALSE
wagon burners,4,NOUN,FALSE,FALSE,FALSE,FALSE,FALSE,FALSE,TRUE,FALSE,FALSE,FALSE
yellow bones,2,NOUN,FALSE,FALSE,FALSE,FALSE,FALSE,FALSE,TRUE,FALSE,FALSE,FALSE
polack,4,NOUN,,,,,,,TRUE,,,FALSE
black dagoes,3,NOUN,,,,,,,TRUE,,,FALSE
rednecks,3,NOUN,FALSE,,,TRUE,,,,,,FALSE
goobers,4,NOUN,FALSE,FALSE,TRUE,TRUE,FALSE,FALSE,FALSE,FALSE,FALSE,FALSE
brainless,2,ADJ,TRUE,FALSE,FALSE,TRUE,FALSE,FALSE,FALSE,FALSE,FALSE,FALSE
charver,3,NOUN,TRUE,,,,,,,,,FALSE
weezebag,1,NOUN,TRUE,,,,,,,,,FALSE
christokike,4,NOUN,,,,,,,,,TRUE,FALSE
yellow invader,4,NOUN,,,FALSE,,,,TRUE,TRUE,,FALSE
nignog,4,NOUN,,,,,,,TRUE,,,FALSE
cracka,4,NOUN,,,,,,,TRUE,,,FALSE
red bone,3,NOUN,FALSE,FALSE,FALSE,FALSE,FALSE,FALSE,TRUE,FALSE,FALSE,FALSE
asshat,4,NOUN,,TRUE,FALSE,TRUE,,,,,,FALSE
fuckweasel,2,NOUN,FALSE,FALSE,TRUE,FALSE,FALSE,TRUE,FALSE,FALSE,FALSE,FALSE
shit kickers,2,NOUN,TRUE,FALSE,FALSE,FALSE,FALSE,FALSE,FALSE,FALSE,FALSE,FALSE
rhineland bastard,4,NOUN,FALSE,FALSE,FALSE,FALSE,FALSE,FALSE,TRUE,FALSE,FALSE,FALSE
blonde,0,ADJ,FALSE,FALSE,FALSE,FALSE,TRUE,FALSE,TRUE,FALSE,FALSE,FALSE
rimming,1,VERB,,,,,,TRUE,,,,FALSE
sexslave,2,NOUN,FALSE,FALSE,TRUE,FALSE,FALSE,TRUE,FALSE,FALSE,FALSE,FALSE
chonky,2,NOUN,,,,,,,TRUE,,,FALSE
coon,4,NOUN,,,,,,,TRUE,,,FALSE
sand niggerette,4,NOUN,,,,,,,TRUE,,,FALSE
shitcan,2,VERB,,TRUE,TRUE,,,,,,,FALSE
doo-doo,1,NOUN,,TRUE,,,,,,,,FALSE
spicks,4,NOUN,,,,,,,TRUE,,,FALSE
gin jockeys,3,NOUN,,,,,,,TRUE,,,FALSE
niggera,4,NOUN,,,,,,,TRUE,,,FALSE
suntans,3,NOUN,FALSE,FALSE,FALSE,FALSE,FALSE,FALSE,TRUE,FALSE,FALSE,TRUE
fagdick,4,NOUN,FALSE,FALSE,FALSE,FALSE,TRUE,TRUE,FALSE,FALSE,FALSE,FALSE
pooping,2,VERB,,TRUE,,,,,,,,FALSE
anglos,1,NOUN,,,,,,,TRUE,,,FALSE
whiskydick,2,NOUN,,,,,,TRUE,,,,FALSE
fastfuck,2,NOUN,FALSE,TRUE,FALSE,FALSE,FALSE,FALSE,FALSE,FALSE,FALSE,FALSE
gross,1,ADJ,,TRUE,,,,,,,,FALSE
squaw,4,NOUN,,,,,,,TRUE,,,FALSE
chi chi bwoys,2,NOUN,,,,,TRUE,,,,,FALSE
rile,2,VERB,TRUE,FALSE,FALSE,FALSE,FALSE,FALSE,FALSE,FALSE,FALSE,FALSE
tree jumper,2,NOUN,,,TRUE,,,TRUE,,,,FALSE
alboes,2,NOUN,,,,,,,TRUE,FALSE,FALSE,FALSE
banger,0,NOUN,TRUE,,,,,,,,,FALSE
black barbies,2,NOUN,,,,,,,TRUE,,,TRUE
cocky,3,ADJ,TRUE,,,,,,,,,FALSE
fuckfriend,2,NOUN,FALSE,FALSE,FALSE,FALSE,FALSE,TRUE,FALSE,FALSE,FALSE,FALSE
fuckingbitch,4,NOUN,FALSE,TRUE,FALSE,FALSE,FALSE,TRUE,FALSE,,,FALSE
twinkies,4,NOUN,,,,,,,TRUE,,,TRUE
punjab,4,NOUN,,,,,,,TRUE,,,TRUE
bongs,4,NOUN,,,,,,,TRUE,,,TRUE
scallies,4,NOUN,TRUE,,,,,,,,,FALSE
mud sharks,4,NOUN,FALSE,FALSE,FALSE,FALSE,TRUE,FALSE,TRUE,FALSE,FALSE,FALSE
jackeens,3,NOUN,,,,,,,TRUE,,,FALSE
nastyho,4,NOUN,FALSE,FALSE,FALSE,FALSE,TRUE,TRUE,FALSE,FALSE,FALSE,FALSE
pocketpool,1,NOUN,FALSE,FALSE,FALSE,FALSE,FALSE,TRUE,FALSE,FALSE,FALSE,FALSE
firing,0,VERB,TRUE,,,,,,,,,FALSE
orangie,3,NOUN,FALSE,FALSE,FALSE,FALSE,FALSE,FALSE,FALSE,FALSE,TRUE,FALSE
pikey,3,NOUN,,,,,,,TRUE,,,FALSE
beach nigger,4,NOUN,,,,,,,TRUE,,,FALSE
jihadi,1,NOUN,,,,,,,,,TRUE,FALSE
african'ts,4,NOUN,,,,,,,TRUE,,,FALSE
limpdick,2,NOUN,,TRUE,,,,TRUE,,,,FALSE
octroon,4,NOUN,FALSE,FALSE,FALSE,FALSE,FALSE,FALSE,TRUE,FALSE,FALSE,FALSE
dingo fuckers,4,NOUN,FALSE,FALSE,FALSE,FALSE,FALSE,TRUE,TRUE,FALSE,FALSE,FALSE
jiggabo,4,NOUN,,,,,,,TRUE,,,FALSE
stroke,1,VERB,,,,,,TRUE,,,,TRUE
jiz,1,NOUN,,,,,FALSE,TRUE,,,,FALSE
dicklicker,3,NOUN,,,,,TRUE,TRUE,,,,FALSE
fuckwit,4,NOUN,FALSE,TRUE,FALSE,TRUE,FALSE,TRUE,FALSE,FALSE,FALSE,FALSE
querulant,2,NOUN,TRUE,FALSE,FALSE,FALSE,FALSE,FALSE,FALSE,FALSE,FALSE,FALSE
skankfuck,4,NOUN,,,,,TRUE,TRUE,FALSE,FALSE,FALSE,FALSE
buckrettes,2,NOUN,,,,,,,TRUE,,,FALSE
ghey,3,NOUN,,,,,TRUE,,,,,FALSE
skanky,4,ADJ,,,,,TRUE,TRUE,,,,FALSE
dickfucker,3,NOUN,FALSE,FALSE,FALSE,FALSE,FALSE,TRUE,FALSE,FALSE,FALSE,FALSE
nitchees,3,NOUN,,,,,,,TRUE,,,FALSE
megadouche,2,NOUN,,,TRUE,,,,,,,FALSE
jewtube,2,NOUN,TRUE,,,,,,,,TRUE,FALSE
shaggin,2,VERB,FALSE,FALSE,FALSE,FALSE,FALSE,TRUE,FALSE,FALSE,FALSE,FALSE
cockhead,2,NOUN,,,,,,TRUE,,,,FALSE
americoon,4,NOUN,FALSE,FALSE,FALSE,FALSE,FALSE,FALSE,TRUE,FALSE,FALSE,FALSE
dixiedike,4,NOUN,,,,,TRUE,,,,,FALSE
cunnilingus,1,NOUN,,,,,,TRUE,,,,FALSE
jigger,4,NOUN,,,,,,,TRUE,,,FALSE
spergs,4,NOUN,,,,TRUE,,,,,,FALSE
peasant,1,NOUN,FALSE,,,TRUE,,,,,,FALSE
taboo,0,NOUN,TRUE,,,,,,,,,FALSE
urinate,0,VERB,,TRUE,,,,,,,,FALSE
niggerdicks,4,NOUN,,TRUE,,,,,TRUE,,,FALSE
unclefucker,2,NOUN,,,,,,TRUE,,,,FALSE
fuckinright,2,ADJ,FALSE,TRUE,FALSE,FALSE,FALSE,FALSE,FALSE,FALSE,FALSE,FALSE
moky,4,NOUN,FALSE,FALSE,FALSE,FALSE,FALSE,FALSE,TRUE,FALSE,FALSE,FALSE
wegro,4,NOUN,,,,,,,TRUE,,,FALSE
abuser,1,NOUN,TRUE,,,,,TRUE,,,,FALSE
jocky,3,NOUN,,,,,,,TRUE,,,FALSE
tard,4,NOUN,,,,TRUE,,,,,,FALSE
teapots,3,NOUN,,,,,,,TRUE,,,TRUE
brea5t,1,NOUN,,,,,,TRUE,,,,FALSE
haji,3,NOUN,,,,,,,TRUE,,,FALSE
cocksmith,2,NOUN,FALSE,FALSE,FALSE,FALSE,FALSE,TRUE,FALSE,FALSE,FALSE,FALSE
septic,3,NOUN,,,,,,,TRUE,,,TRUE
sexhound,2,NOUN,,,TRUE,,,TRUE,,,,FALSE
lezzo,2,NOUN,,,,,TRUE,TRUE,FALSE,FALSE,FALSE,FALSE
dipfuck,3,NOUN,,TRUE,,TRUE,,,,,,FALSE
beaner baby,4,NOUN,,,,,,,TRUE,,,FALSE
dumbass,2,NOUN,FALSE,FALSE,FALSE,TRUE,FALSE,FALSE,FALSE,FALSE,FALSE,FALSE
rowdy,0,ADJ,,,,TRUE,,,,,,FALSE
bdsm,1,NOUN,TRUE,,,,,TRUE,,,,FALSE
smarmy,3,NOUN,TRUE,,,,,,,,,FALSE
moulies,4,NOUN,FALSE,FALSE,FALSE,FALSE,FALSE,FALSE,TRUE,FALSE,FALSE,FALSE
masshole,3,NOUN,,,TRUE,,,,TRUE,,,FALSE
shemales,4,NOUN,,,,,TRUE,,,,,FALSE
barface,1,NOUN,FALSE,FALSE,FALSE,FALSE,FALSE,FALSE,TRUE,FALSE,FALSE,FALSE
caublasian,1,NOUN,,,,,,,TRUE,,,FALSE
jocks,3,NOUN,,,,,,,TRUE,,,TRUE
yobbo,2,NOUN,TRUE,,,,,,,,,FALSE
coloureds,1,NOUN,,,,,,,TRUE,,,FALSE
chink,4,NOUN,,,,,,,TRUE,,,FALSE
batty bwoys,3,NOUN,,,,,TRUE,FALSE,FALSE,FALSE,FALSE,FALSE
honkers,1,NOUN,,TRUE,,,,FALSE,,,,FALSE
bestiality,0,NOUN,,,TRUE,,,,,,,FALSE
oaf,3,NOUN,TRUE,,,TRUE,,,,,,FALSE
yobs,2,NOUN,TRUE,,,,,,,,,FALSE
nigg,4,NOUN,,,,,,,TRUE,,,FALSE
slimeball,3,NOUN,FALSE,TRUE,FALSE,FALSE,FALSE,FALSE,FALSE,FALSE,FALSE,FALSE
yard ape,4,NOUN,FALSE,FALSE,TRUE,FALSE,FALSE,FALSE,TRUE,FALSE,FALSE,FALSE
hoorah henries,1,NOUN,TRUE,FALSE,FALSE,FALSE,FALSE,FALSE,FALSE,FALSE,FALSE,FALSE
tang,2,NOUN,,TRUE,,,,TRUE,,,,FALSE
phukked,2,ADJ,FALSE,TRUE,FALSE,FALSE,FALSE,TRUE,FALSE,FALSE,FALSE,FALSE
gypsi,3,NOUN,FALSE,FALSE,FALSE,FALSE,FALSE,FALSE,TRUE,,,FALSE
carpet pilot,3,NOUN,FALSE,FALSE,FALSE,FALSE,FALSE,FALSE,TRUE,FALSE,FALSE,FALSE
gook eye,4,NOUN,,,,,,,TRUE,FALSE,FALSE,FALSE
niggle,4,NOUN,,,,,,,TRUE,,,FALSE
fistfucked,2,ADJ,,,,,,TRUE,FALSE,FALSE,FALSE,FALSE
swalow,1,NOUN,FALSE,FALSE,FALSE,FALSE,FALSE,TRUE,FALSE,FALSE,FALSE,TRUE
sheepshagger,4,NOUN,FALSE,FALSE,FALSE,FALSE,FALSE,TRUE,TRUE,FALSE,FALSE,FALSE
jewbag,4,NOUN,,,,,,,TRUE,,TRUE,FALSE
cockfight,1,NOUN,TRUE,,,,,,,,,FALSE
chi chi man,2,NOUN,,,,,TRUE,,,,,FALSE
homicide,0,NOUN,TRUE,,,,,,,,,FALSE
tov,2,NOUN,,TRUE,,,,TRUE,,,,FALSE
riff-raff,3,NOUN,TRUE,FALSE,FALSE,FALSE,FALSE,FALSE,FALSE,FALSE,FALSE,FALSE
moloch,2,NOUN,,,TRUE,,,,,,TRUE,FALSE
wic,3,NOUN,,,,,,,TRUE,,TRUE,FALSE
hick,4,NOUN,,,,,,,TRUE,,,FALSE
buckers,2,NOUN,,,,,,,TRUE,,,FALSE
canigger,4,NOUN,,,,,,,TRUE,,,FALSE
urine,1,NOUN,TRUE,FALSE,FALSE,FALSE,FALSE,FALSE,FALSE,FALSE,FALSE,FALSE
ü§Æ,2,:),TRUE,TRUE,,,,,,,,FALSE
primate,1,NOUN,,,TRUE,,,,,,,TRUE
centrist,0,ADJ,,,,,,,,TRUE,,FALSE
crusty,3,ADJ,,,TRUE,,,,,,,FALSE
brat,2,NOUN,FALSE,TRUE,FALSE,FALSE,FALSE,FALSE,FALSE,FALSE,FALSE,FALSE
zundel,2, NOUN,,,,,,,,TRUE,,FALSE
ginks,4,NOUN,FALSE,FALSE,FALSE,FALSE,FALSE,FALSE,TRUE,,,FALSE
tenker,4,NOUN,FALSE,FALSE,FALSE,FALSE,FALSE,FALSE,TRUE,FALSE,FALSE,FALSE
bitchzilla,4,NOUN,,,TRUE,,TRUE,,,,,FALSE
square,1,NOUN,TRUE,,,TRUE,,,,,,FALSE
bogans,3,NOUN,FALSE,FALSE,FALSE,FALSE,FALSE,FALSE,TRUE,FALSE,FALSE,FALSE
backdoorman,2,NOUN,,,,,TRUE,TRUE,,,,FALSE
bog irish,2,NOUN,,,,,,,TRUE,FALSE,FALSE,FALSE
inbred,1,NOUN,,,,TRUE,,,,,,FALSE
beatyourmeat,1,NOUN,FALSE,FALSE,FALSE,FALSE,FALSE,TRUE,FALSE,FALSE,FALSE,FALSE
zebras,2,NOUN,,,TRUE,,,,TRUE,,,FALSE
dickbrain,3,NOUN,,TRUE,,TRUE,,,,,,FALSE
pepsi,3,NOUN,,,,,,,TRUE,,,TRUE
niggardliness's,4,NOUN,,,,,,,TRUE,,,FALSE
neechee,4,NOUN,FALSE,FALSE,FALSE,FALSE,FALSE,FALSE,TRUE,FALSE,FALSE,FALSE
spig,3,NOUN,TRUE,,,,,,TRUE,,,FALSE
merkins,3,NOUN,,,,,,,TRUE,,,FALSE
prickhead,3,NOUN,,,TRUE,,,FALSE,,,,FALSE
sheboon,4,NOUN,,,,,TRUE,,TRUE,,,FALSE
smollet,2,NOUN,,,,TRUE,,,,,,FALSE
uglyass,2,NOUN,FALSE,TRUE,FALSE,FALSE,FALSE,FALSE,TRUE,FALSE,FALSE,FALSE
trot,1,NOUN,,,,,,,,TRUE,,FALSE
oriental,0,ADJ,FALSE,FALSE,FALSE,FALSE,FALSE,FALSE,TRUE,FALSE,FALSE,FALSE
pedophilium,1,NOUN,,,,,TRUE,TRUE,,,,FALSE
skumbag,3,NOUN,,,TRUE,,,,,,,FALSE
shit heels,3,NOUN,,,,,,,TRUE,,,FALSE
hepatiti,1,NOUN,TRUE,,,,,TRUE,,,,TRUE
yankees,3,NOUN,,,,,,,TRUE,,,FALSE
nwo,1,NOUN,FALSE,,,,,,,TRUE,,FALSE
niggerville,4,NOUN,,,,,,,TRUE,,,FALSE
crows,3,NOUN,FALSE,FALSE,TRUE,FALSE,FALSE,FALSE,FALSE,FALSE,FALSE,TRUE
chinese wetbacks,4,NOUN,FALSE,FALSE,FALSE,FALSE,FALSE,FALSE,TRUE,FALSE,FALSE,FALSE
tunnel diggers,4,NOUN,,,,,,,TRUE,,,FALSE
gobshite,3,NOUN,TRUE,,FALSE,TRUE,,,,,,FALSE
spunk,2,NOUN,,TRUE,,,,TRUE,,,,FALSE
bast,3,NOUN,TRUE,,,,,,,,,FALSE
joint,0,NOUN,TRUE,,,,,,,,,TRUE
libido,0,NOUN,,,,,,TRUE,,,,FALSE
glass,2,VERB,TRUE,,,,,,,,,FALSE
cumstain,2,NOUN,FALSE,TRUE,TRUE,FALSE,FALSE,FALSE,FALSE,FALSE,FALSE,FALSE
bird,1,NOUN,,,,,TRUE,,,,,FALSE
hannity,2,NOUN,,,,,,,,TRUE,,FALSE
kunt,4,NOUN,,TRUE,,,,TRUE,,,,FALSE
cocktease,2,NOUN,FALSE,FALSE,FALSE,FALSE,FALSE,TRUE,FALSE,FALSE,FALSE,FALSE
mokies,4,NOUN,FALSE,FALSE,FALSE,FALSE,FALSE,FALSE,TRUE,FALSE,FALSE,FALSE
nafri,3,NOUN,,,,,,,TRUE,,,FALSE
shines,4,NOUN,,,,,,,TRUE,,,FALSE
crackwhore,4,NOUN,TRUE,,FALSE,,,TRUE,,,,FALSE
dickman,2,NOUN,FALSE,FALSE,FALSE,FALSE,FALSE,TRUE,FALSE,FALSE,FALSE,FALSE
vietcong,1,NOUN,,,,,,,TRUE,TRUE,,FALSE
pavement ape,4,NOUN,FALSE,FALSE,TRUE,FALSE,FALSE,FALSE,TRUE,FALSE,FALSE,FALSE
muffdive,2,NOUN,,,,,,TRUE,,,,FALSE
chink a billies,4,NOUN,FALSE,FALSE,FALSE,FALSE,FALSE,FALSE,TRUE,,,FALSE
bastard,4,NOUN,FALSE,TRUE,FALSE,FALSE,FALSE,FALSE,FALSE,FALSE,FALSE,TRUE
sewerrat,3,NOUN,,,TRUE,,,,,,,FALSE
feltching,1,VERB,FALSE,FALSE,FALSE,FALSE,FALSE,TRUE,FALSE,FALSE,FALSE,FALSE
spades,4,NOUN,,,,,,,TRUE,,,TRUE
nigette,4,NOUN,,,,,,,TRUE,,,FALSE
snake,3,NOUN,,,TRUE,,TRUE,,,,,TRUE
mamzer,4,NOUN,,,TRUE,,,,,,,FALSE
border banditos,3,NOUN,TRUE,FALSE,TRUE,FALSE,FALSE,FALSE,TRUE,FALSE,FALSE,FALSE
ejaculation,0,NOUN,,,,,,TRUE,,,,FALSE
kaffre,3,NOUN,,,,,,,,,TRUE,FALSE
sexhouse,1,NOUN,TRUE,FALSE,,,,TRUE,,,,FALSE
trout,2,NOUN,,,,,TRUE,,,,,TRUE
dickwad,3,NOUN,,,TRUE,,,,,,,FALSE
dickhead,3,NOUN,FALSE,TRUE,FALSE,FALSE,FALSE,TRUE,FALSE,FALSE,FALSE,FALSE
eh hole,3,NOUN,FALSE,TRUE,FALSE,FALSE,FALSE,FALSE,TRUE,FALSE,FALSE,FALSE
scobe,3,NOUN,TRUE,,,,,,,,,FALSE
pissoff,2,VERB,,TRUE,,,,,,,,FALSE
dingleberry,1,NOUN,,TRUE,,,,,,,,FALSE
nitchie,3,NOUN,FALSE,FALSE,FALSE,FALSE,FALSE,FALSE,TRUE,FALSE,FALSE,FALSE
boxheads,2,NOUN,FALSE,FALSE,FALSE,FALSE,FALSE,FALSE,TRUE,FALSE,FALSE,FALSE
albino,0,NOUN,,,,,,,TRUE,,,FALSE
bruise,0,NOUN,TRUE,,,,,,,,,FALSE
mulattos,3,NOUN,,,,,,,TRUE,,,FALSE
addicts,1,NOUN,TRUE,FALSE,FALSE,FALSE,FALSE,FALSE,FALSE,FALSE,FALSE,FALSE
hunyak,4,NOUN,FALSE,FALSE,FALSE,FALSE,FALSE,FALSE,TRUE,FALSE,FALSE,FALSE
œü,4,:),,,,,,,,TRUE,,FALSE
masterblaster,1,NOUN,FALSE,FALSE,FALSE,FALSE,FALSE,TRUE,FALSE,FALSE,FALSE,FALSE
pancake face,3,NOUN,,,,,,,TRUE,,,FALSE
tinkers,4,NOUN,FALSE,FALSE,FALSE,FALSE,FALSE,FALSE,TRUE,FALSE,FALSE,TRUE
cotton picker,4,NOUN,,,,,,,TRUE,,,FALSE
bogeyman,2,NOUN,,,TRUE,,,,,,,FALSE
reffo,4,NOUN,FALSE,FALSE,FALSE,FALSE,FALSE,FALSE,TRUE,FALSE,FALSE,FALSE
braindead,3,ADJ,FALSE,FALSE,FALSE,TRUE,FALSE,FALSE,FALSE,FALSE,FALSE,FALSE
junkie,1,NOUN,FALSE,TRUE,FALSE,FALSE,FALSE,FALSE,FALSE,FALSE,FALSE,FALSE
dong,2,NOUN,,TRUE,,,,TRUE,,,,FALSE
clamheads,2,NOUN,,,,,,,,,TRUE,FALSE
sexed,1,ADJ,,,,,,TRUE,,,,FALSE
fingerfood,1,NOUN,,,,,,TRUE,,,,FALSE
hoser,3,NOUN,TRUE,,,,,,,,,FALSE
batimen,3,NOUN,,,,,TRUE,FALSE,FALSE,FALSE,FALSE,FALSE
pud,1,NOUN,,,,,,TRUE,,,,FALSE
nichiwa,4,NOUN,,,,,,,TRUE,,,FALSE
shitstain,3,NOUN,,TRUE,TRUE,FALSE,,,,,,FALSE
lebbo,4,NOUN,FALSE,FALSE,FALSE,FALSE,FALSE,FALSE,TRUE,FALSE,FALSE,FALSE
nichi,3,NOUN,,,,,,,TRUE,,,FALSE
glazeddonut,1,NOUN,,,,,FALSE,TRUE,,,,FALSE
bug eater,3,NOUN,FALSE,FALSE,FALSE,FALSE,FALSE,FALSE,TRUE,FALSE,FALSE,FALSE
cum-licker,3,NOUN,,TRUE,,,,TRUE,,,,FALSE
jizzim,1,NOUN,,,,,FALSE,TRUE,,,,FALSE
looser,2,NOUN,,,TRUE,,,,,,,FALSE
whop,2,NOUN,,,,,,FALSE,TRUE,,,FALSE
dole bludgers,4,NOUN,TRUE,,,,,,,,,FALSE
halfricans,4,NOUN,,,TRUE,,,,TRUE,,,FALSE
tit,2,NOUN,FALSE,TRUE,FALSE,FALSE,TRUE,TRUE,FALSE,FALSE,FALSE,FALSE
mangia cakes,3,NOUN,FALSE,FALSE,FALSE,FALSE,FALSE,FALSE,TRUE,FALSE,FALSE,FALSE
flaming,1,VERB,TRUE,,,,,,,,,FALSE
shat,2,VERB,FALSE,TRUE,FALSE,FALSE,FALSE,FALSE,FALSE,FALSE,FALSE,FALSE
sheister,4,NOUN,,,,,,,TRUE,,,FALSE
mammy,4,NOUN,,,,,TRUE,,TRUE,,,FALSE
knackers,4,NOUN,,,,,,,TRUE,,,FALSE
dykes,4,NOUN,,,,,TRUE,,,,,FALSE
titjob,2,NOUN,FALSE,FALSE,FALSE,FALSE,FALSE,TRUE,FALSE,FALSE,FALSE,FALSE
zhyd,4,NOUN,FALSE,FALSE,FALSE,FALSE,FALSE,FALSE,TRUE,FALSE,TRUE,FALSE
beat-off,1,NOUN,,,,,,TRUE,,,,FALSE
wanking,1,VERB,,,,,FALSE,TRUE,,,,FALSE
rearentry,1,NOUN,FALSE,FALSE,FALSE,FALSE,FALSE,TRUE,FALSE,FALSE,FALSE,FALSE
buffies,3,NOUN,FALSE,FALSE,FALSE,FALSE,FALSE,FALSE,TRUE,FALSE,FALSE,FALSE
egotist,2,NOUN,,,TRUE,,,,,,,FALSE
masterbate,1,VERB,,,,,,TRUE,,,,FALSE
bazooms,1,NOUN,FALSE,FALSE,FALSE,FALSE,FALSE,TRUE,FALSE,FALSE,FALSE,FALSE
shitlist,2,NOUN,FALSE,TRUE,FALSE,FALSE,FALSE,FALSE,FALSE,FALSE,FALSE,FALSE
snowback,2,NOUN,,,,,,,TRUE,,,FALSE
fuzzy wuzzies,2,NOUN,,,,,,,TRUE,,,FALSE
geni,1,NOUN,,,,,,TRUE,,,,FALSE
jockie,3,NOUN,,,,,,,TRUE,,,FALSE
lazy,2,ADJ,TRUE,,TRUE,,,,,,,FALSE
darky,4,NOUN,,,,,,,TRUE,,,FALSE
fuckbag,3,NOUN,,,,,,TRUE,,,,FALSE
butter,2,NOUN,,,,,TRUE,,FALSE,,,FALSE
wetspot,0,NOUN,FALSE,FALSE,FALSE,FALSE,FALSE,TRUE,FALSE,FALSE,FALSE,FALSE
eggplant,2,NOUN,,,,,,,TRUE,,,TRUE
roundeye,4,NOUN,FALSE,FALSE,FALSE,FALSE,FALSE,FALSE,TRUE,FALSE,FALSE,FALSE
junior mint,3,NOUN,FALSE,FALSE,FALSE,FALSE,FALSE,FALSE,TRUE,FALSE,FALSE,TRUE
browny,2,NOUN,,,,,,,TRUE,,,FALSE
chee chee,4,NOUN,FALSE,FALSE,FALSE,FALSE,FALSE,FALSE,TRUE,FALSE,FALSE,FALSE
fourtwenty,1,NOUN,TRUE,FALSE,FALSE,FALSE,FALSE,FALSE,FALSE,FALSE,FALSE,FALSE
hamas,0,NOUN,,,,,,,,TRUE,TRUE,FALSE
machosexual,2,NOUN,FALSE,FALSE,FALSE,FALSE,TRUE,FALSE,FALSE,FALSE,FALSE,FALSE
datnigga,4,NOUN,,,,,,,TRUE,,,FALSE
skullfucker,3,NOUN,FALSE,FALSE,FALSE,FALSE,FALSE,TRUE,FALSE,FALSE,FALSE,FALSE
white trash,4,NOUN,FALSE,FALSE,TRUE,FALSE,FALSE,FALSE,TRUE,FALSE,FALSE,FALSE
intercourse,0,NOUN,,,,,,TRUE,,,,FALSE
snigger's,4,NOUN,,,,,,,TRUE,,,FALSE
europhile,1,ADJ,,,,,,,,TRUE,,FALSE
moulignon,4,NOUN,,,,,,,TRUE,,,FALSE
asslicker,2,NOUN,FALSE,TRUE,FALSE,FALSE,FALSE,TRUE,FALSE,FALSE,FALSE,FALSE
scag,4,NOUN,,,,,TRUE,,,,,FALSE
pickinniny,4,NOUN,FALSE,FALSE,FALSE,FALSE,FALSE,FALSE,TRUE,FALSE,FALSE,FALSE
whoah,0,INTJ,TRUE,,,,,,,,,FALSE
chocolate,0,NOUN,TRUE,FALSE,FALSE,FALSE,FALSE,FALSE,FALSE,FALSE,FALSE,FALSE
dirtbag,3,NOUN,TRUE,TRUE,,,TRUE,,,,,FALSE
gwat,4,NOUN,FALSE,FALSE,FALSE,FALSE,FALSE,FALSE,TRUE,FALSE,FALSE,FALSE
jerry,3,NOUN,,,,,,,TRUE,,,FALSE
doot,2,NOUN,,,,TRUE,TRUE,,,,,TRUE
groids,4,NOUN,,,,,,,TRUE,,,FALSE
niggaz,4,NOUN,,,,,,,TRUE,,,FALSE
bint,3,NOUN,,,,,TRUE,,,,,FALSE
üëáüëáüëáüëá,1,:),TRUE,,,,,,,,,FALSE
boner,1,NOUN,,,,,,TRUE,,,,FALSE
blackman,0,NOUN,,,,,,,TRUE,,,FALSE
spickaboo,4,NOUN,FALSE,FALSE,FALSE,FALSE,FALSE,FALSE,TRUE,FALSE,FALSE,FALSE
assmonkey,2,NOUN,FALSE,TRUE,TRUE,FALSE,FALSE,FALSE,FALSE,FALSE,FALSE,FALSE
mil bag,4,NOUN,TRUE,FALSE,FALSE,FALSE,FALSE,FALSE,FALSE,FALSE,FALSE,FALSE
hatzi,4,NOUN,FALSE,FALSE,FALSE,FALSE,FALSE,FALSE,TRUE,FALSE,FALSE,FALSE
bungas,4,NOUN,FALSE,FALSE,FALSE,FALSE,FALSE,FALSE,TRUE,FALSE,FALSE,FALSE
jiga,4,NOUN,FALSE,FALSE,FALSE,FALSE,FALSE,FALSE,FALSE,FALSE,FALSE,FALSE
dirthead,2,NOUN,,,TRUE,,,,,,,FALSE
hindu,0,ADJ,,,,,,,TRUE,,,FALSE
tosser,2,NOUN,,,TRUE,,,TRUE,,,,FALSE
closet fags,4,NOUN,FALSE,FALSE,FALSE,TRUE,TRUE,FALSE,FALSE,FALSE,FALSE,FALSE
titties,1,NOUN,,,,,,TRUE,FALSE,FALSE,FALSE,FALSE
carpetmuncher,3,NOUN,,,,,TRUE,TRUE,,,,FALSE
papooses,2,NOUN,FALSE,FALSE,FALSE,FALSE,FALSE,FALSE,TRUE,FALSE,FALSE,FALSE
abo,4,NOUN,,,,,,,TRUE,,,FALSE
jigs,4,NOUN,,,,,,,TRUE,,,FALSE
yuck,2,INTJ,,TRUE,,,,,,,,FALSE
bog jumpers,2,NOUN,,,,,,,TRUE,FALSE,FALSE,FALSE
ero,1,NOUN,,,,,,TRUE,,,,FALSE
kykes,4,NOUN,,,,,,,TRUE,,TRUE,FALSE
chavs,4,NOUN,,,TRUE,,,,TRUE,,,FALSE
sexualization,0,NOUN,,,,,TRUE,TRUE,,,,FALSE
af,1,ADV,,TRUE,,,,,,,,FALSE
dud,2,ADJ,TRUE,,,TRUE,,,,,,FALSE
nicca,4,NOUN,,,,,,,TRUE,,,FALSE
snout,2,NOUN,FALSE,TRUE,TRUE,FALSE,FALSE,FALSE,FALSE,FALSE,FALSE,FALSE
cray,3,ADJ,,,,TRUE,,,,,,FALSE
sludge,1,NOUN,,TRUE,,,,,,,,FALSE
beatoff,2,VERB,,,,,,TRUE,FALSE,FALSE,FALSE,FALSE
milf,2,NOUN,FALSE,TRUE,FALSE,FALSE,TRUE,TRUE,FALSE,FALSE,FALSE,FALSE
cuntfucker,4,NOUN,,,,,TRUE,TRUE,,,,FALSE
chugs,3,NOUN,FALSE,FALSE,FALSE,FALSE,FALSE,FALSE,TRUE,FALSE,FALSE,TRUE
slopies,4,NOUN,FALSE,FALSE,FALSE,FALSE,FALSE,FALSE,TRUE,,,FALSE
prick,4,NOUN,,TRUE,TRUE,,,TRUE,,,,FALSE
shy,3,NOUN,,,,,,,TRUE,,,TRUE
frog,2,NOUN,,,TRUE,,,,TRUE,,,TRUE
kung,4,NOUN,,,,,,,TRUE,,,FALSE
blurt,1,NOUN,,,,TRUE,,TRUE,,,,TRUE
aunt mary,1,NOUN,,,,,,,TRUE,,,TRUE
buttface,2,NOUN,,,,,,TRUE,TRUE,,,FALSE
book books,3,NOUN,FALSE,FALSE,FALSE,FALSE,FALSE,FALSE,TRUE,FALSE,FALSE,FALSE
backside,1,NOUN,,,,,,TRUE,,,,FALSE
pee,1,VERB,,TRUE,,,,,,,,FALSE
peehole,1,NOUN,,TRUE,,,,,,,,FALSE
crappy,2,ADJ,,TRUE,,,,,,,,FALSE
hos,4,NOUN,,,,,TRUE,TRUE,,,,FALSE
twit,4,NOUN,,,TRUE,TRUE,,,,,,FALSE
ejaculated,0,ADJ,FALSE,FALSE,FALSE,FALSE,FALSE,TRUE,FALSE,FALSE,FALSE,FALSE
limy,1,NOUN,FALSE,TRUE,FALSE,FALSE,FALSE,FALSE,FALSE,FALSE,FALSE,FALSE
nigglets,4,NOUN,,,,,,,TRUE,,,FALSE
bludger,1,NOUN,TRUE,,,,,,,,,FALSE
cocksmoker,2,NOUN,,,,,,TRUE,,,,FALSE
headass,2,NOUN,TRUE,TRUE,FALSE,FALSE,FALSE,FALSE,FALSE,FALSE,FALSE,FALSE
welcher,2,NOUN,TRUE,,,,,,,,,FALSE
alligator bait,3,NOUN,FALSE,FALSE,FALSE,FALSE,FALSE,FALSE,TRUE,FALSE,FALSE,FALSE
cuntlicker,3,NOUN,,,,,,TRUE,,,,FALSE
white nigger,4,NOUN,,,,,,,TRUE,,,FALSE
bean dipper,1,NOUN,FALSE,FALSE,FALSE,FALSE,FALSE,FALSE,TRUE,FALSE,FALSE,FALSE
the goyim know,2,NOUN,,,,,,,,,TRUE,TRUE
goose,1,NOUN,,,TRUE,,,,,,,TRUE
hairy back,3,NOUN,FALSE,FALSE,FALSE,FALSE,FALSE,FALSE,TRUE,FALSE,FALSE,FALSE
henlo,0,INTJ,TRUE,,,,,,,,,FALSE
üòá,0,:),TRUE,,,,,,,,,FALSE
bunghole,1,NOUN,,,,,,TRUE,,,,FALSE
headfuck,2,NOUN,FALSE,FALSE,FALSE,FALSE,FALSE,TRUE,FALSE,FALSE,FALSE,FALSE
hypergamy,1,NOUN,TRUE,,,,TRUE,FALSE,,,,FALSE
ghetto monkeys,4,NOUN,FALSE,FALSE,TRUE,FALSE,FALSE,FALSE,TRUE,FALSE,FALSE,FALSE
jiggas,4,NOUN,,,,,,,TRUE,,,FALSE
bch,4,NOUN,,,,FALSE,TRUE,,,,,FALSE
fu,3,INTJ,,TRUE,,,,,,,,FALSE
nude,0,ADJ,,,,,,TRUE,,,,FALSE
fudgepackers,4,NOUN,,,,,TRUE,TRUE,,,,FALSE
gun burglars,4,NOUN,,,,,,,TRUE,,,FALSE
curry munchers,3,NOUN,,,,,,,TRUE,,,FALSE
fuc,2,VERB,FALSE,TRUE,FALSE,FALSE,FALSE,TRUE,,,,FALSE
skippies,1,NOUN,,,,,,,TRUE,FALSE,FALSE,FALSE
latrinos,4,NOUN,,TRUE,,,,,TRUE,,,FALSE
rimjob,1,NOUN,,,,,,TRUE,,,,FALSE
becky,1,NOUN,,,,,TRUE,,,,,TRUE
donkey,3,NOUN,,,TRUE,TRUE,TRUE,,,,,FALSE
camel humper,4,NOUN,FALSE,FALSE,FALSE,FALSE,FALSE,TRUE,TRUE,FALSE,FALSE,FALSE
gaylord,3,NOUN,,,,,TRUE,,,,,FALSE
slant eye,4,NOUN,FALSE,FALSE,FALSE,FALSE,FALSE,FALSE,TRUE,,,FALSE
mams,1,NOUN,FALSE,FALSE,FALSE,FALSE,FALSE,TRUE,FALSE,FALSE,FALSE,FALSE
dinges,3,NOUN,FALSE,FALSE,FALSE,FALSE,FALSE,FALSE,TRUE,FALSE,FALSE,FALSE
gawk,1,NOUN,,,,,,TRUE,,,,FALSE
gyps,3,NOUN,FALSE,FALSE,FALSE,FALSE,FALSE,FALSE,TRUE,FALSE,FALSE,FALSE
roofucker,4,NOUN,FALSE,FALSE,FALSE,FALSE,FALSE,FALSE,TRUE,FALSE,FALSE,FALSE
nips,4,NOUN,,,,,,,TRUE,,,FALSE
muks,3,NOUN,FALSE,FALSE,FALSE,FALSE,FALSE,FALSE,TRUE,FALSE,FALSE,FALSE
tigers,3,NOUN,FALSE,FALSE,FALSE,FALSE,FALSE,FALSE,TRUE,FALSE,FALSE,TRUE
pommies,4,NOUN,,,,,,,TRUE,,,FALSE
filipino,0,ADJ,,,,,,,TRUE,,,FALSE
auntfucker,3,NOUN,,,,,,TRUE,,,,FALSE
robber,1,NOUN,TRUE,,,,,,,,,FALSE
half breed,4,NOUN,FALSE,FALSE,FALSE,FALSE,FALSE,FALSE,FALSE,FALSE,FALSE,FALSE
goof,3,NOUN,,,,TRUE,,,,,,TRUE
abbos,4,NOUN,,,,,,,TRUE,,,FALSE
oxygenthief,2,NOUN,FALSE,FALSE,TRUE,FALSE,FALSE,FALSE,FALSE,FALSE,FALSE,FALSE
üî´,1,:),TRUE,,,,,,,,,FALSE
tuckahoe,4,NOUN,FALSE,FALSE,FALSE,FALSE,TRUE,FALSE,FALSE,FALSE,FALSE,FALSE
nigger-knock,4,NOUN,,,,,,,TRUE,,,FALSE
fireball,1,NOUN,TRUE,,TRUE,,,,,,,FALSE
chili shitter,4,NOUN,FALSE,FALSE,FALSE,FALSE,FALSE,FALSE,TRUE,FALSE,FALSE,FALSE
lunkhead,2,NOUN,,,,TRUE,,,,,,FALSE
tynker,4,NOUN,FALSE,FALSE,FALSE,FALSE,FALSE,FALSE,TRUE,FALSE,FALSE,FALSE
slopes,4,NOUN,,,,,,,TRUE,,,FALSE
bean bandit,3,NOUN,,,,,,,TRUE,,,FALSE
cumqueen,3,NOUN,FALSE,FALSE,FALSE,FALSE,TRUE,TRUE,FALSE,FALSE,FALSE,FALSE
whiny,2,ADJ,TRUE,,,FALSE,FALSE,,,,,FALSE
belly,2,NOUN,TRUE,FALSE,FALSE,FALSE,FALSE,FALSE,FALSE,FALSE,FALSE,FALSE
buckras,2,NOUN,FALSE,FALSE,FALSE,FALSE,FALSE,FALSE,TRUE,FALSE,FALSE,FALSE
flange,2,NOUN,,TRUE,,,,TRUE,,,,FALSE
roaster,4,NOUN,TRUE,,,,,,,,,FALSE
spook,4,NOUN,,,,,,,TRUE,,,FALSE
gualas,4,NOUN,FALSE,FALSE,FALSE,FALSE,FALSE,FALSE,TRUE,FALSE,FALSE,FALSE
orgasim,1,NOUN,FALSE,FALSE,FALSE,FALSE,FALSE,TRUE,FALSE,FALSE,FALSE,FALSE
somalis,0,NOUN,,,,,,,TRUE,,,FALSE
tub,2,NOUN,,,,,,,TRUE,,,FALSE
iblowu,1,NOUN,FALSE,FALSE,FALSE,FALSE,FALSE,TRUE,FALSE,FALSE,FALSE,FALSE
turd,3,NOUN,FALSE,TRUE,,,,,,,,FALSE
deth,0,NOUN,TRUE,,,,,,,,,FALSE
wanker,3,NOUN,,TRUE,,,,TRUE,,,,FALSE
hotdamn,1,INTJ,TRUE,,,,,,,,,FALSE
kanaka,4,NOUN,,,,,,,TRUE,,,TRUE
pu55i,2,NOUN,FALSE,TRUE,FALSE,FALSE,FALSE,TRUE,FALSE,FALSE,FALSE,FALSE
alligatorbait,3,NOUN,FALSE,FALSE,FALSE,FALSE,FALSE,FALSE,TRUE,FALSE,FALSE,FALSE
nigor,4,NOUN,,,,,,,TRUE,,,FALSE
penis,0,NOUN,FALSE,FALSE,FALSE,FALSE,FALSE,TRUE,FALSE,FALSE,FALSE,FALSE
lioness,1,NOUN,,,,,TRUE,,,,,TRUE
flesh,3,NOUN,,,TRUE,,TRUE,,FALSE,,,TRUE
ching chong,4,NOUN,,,,,,,TRUE,,,FALSE
japs,3,NOUN,,,,,,,,,TRUE,FALSE
nigerians,0,NOUN,FALSE,,,,,,TRUE,,,FALSE
boody,1,NOUN,,,,,TRUE,TRUE,FALSE,FALSE,FALSE,FALSE
twisted,2,ADJ,,,,TRUE,,,,,,FALSE
lies,0,NOUN,TRUE,FALSE,FALSE,FALSE,FALSE,FALSE,FALSE,FALSE,FALSE,FALSE
trannie,4,NOUN,,,,,TRUE,,,,,FALSE
dipstick,2,NOUN,,,,TRUE,,,,,,FALSE
octaroon,3,NOUN,,,,,,,TRUE,,,FALSE
loverocket,1,NOUN,FALSE,FALSE,FALSE,FALSE,FALSE,TRUE,FALSE,FALSE,FALSE,FALSE
fubar,2,ADJ,FALSE,TRUE,TRUE,,,,,,,FALSE
mfs,3,NOUN,,TRUE,,,,,,,,FALSE
zog lover,4,NOUN,FALSE,FALSE,FALSE,FALSE,FALSE,FALSE,TRUE,FALSE,FALSE,FALSE
congoids,4,NOUN,,,,,,,TRUE,,,FALSE
snatch,4,NOUN,,,,,,TRUE,,,,TRUE
goloid,4,NOUN,FALSE,FALSE,FALSE,TRUE,FALSE,FALSE,TRUE,FALSE,FALSE,FALSE
celestials,1,NOUN,FALSE,FALSE,FALSE,FALSE,FALSE,FALSE,TRUE,FALSE,FALSE,TRUE
slutfucker,4,NOUN,FALSE,FALSE,FALSE,FALSE,FALSE,TRUE,,,,FALSE
blubbergut,2,NOUN,,,,,,TRUE,,,,FALSE
fucknugget,3,NOUN,FALSE,FALSE,TRUE,FALSE,FALSE,TRUE,FALSE,FALSE,FALSE,FALSE
nood,1,ADJ,,,,,,TRUE,,,,FALSE
bondage,2,NOUN,FALSE,FALSE,FALSE,FALSE,FALSE,FALSE,FALSE,TRUE,FALSE,FALSE
skinnie,4,NOUN,FALSE,FALSE,FALSE,FALSE,FALSE,FALSE,TRUE,FALSE,FALSE,FALSE
warmongering,2,NOUN,TRUE,,TRUE,,,,,,,FALSE
shark,0,NOUN,,,TRUE,,,,,,,TRUE
tarded,4,ADJ,TRUE,,TRUE,,,,,,,FALSE
bog trotter,2,NOUN,,,,,,,TRUE,FALSE,FALSE,FALSE
gooks,4,NOUN,,,,,,,TRUE,,,FALSE
bhrempti,1,NOUN,,,,,,,TRUE,,,FALSE
niggerette,4,NOUN,,,,,,,TRUE,,,FALSE
doofus,3,NOUN,,,,TRUE,,,,,,FALSE
gender benders,2,NOUN,,,,,TRUE,,,,,FALSE
barfface,2,NOUN,TRUE,FALSE,FALSE,FALSE,FALSE,TRUE,FALSE,FALSE,FALSE,FALSE
incest,1,NOUN,FALSE,FALSE,FALSE,FALSE,FALSE,TRUE,FALSE,FALSE,FALSE,FALSE
bum-fucker,3,NOUN,,,,,,TRUE,,,,FALSE
hayseeds,3,NOUN,,,TRUE,FALSE,FALSE,FALSE,FALSE,FALSE,FALSE,FALSE
porch monkey,4,NOUN,FALSE,FALSE,FALSE,FALSE,FALSE,FALSE,TRUE,FALSE,FALSE,FALSE
baal,2,NOUN,,TRUE,,,,,,,,FALSE
56%er,4,NOUN,,,,,,,TRUE,,,FALSE
amerikkkan,1,NOUN,FALSE,FALSE,FALSE,FALSE,FALSE,FALSE,TRUE,FALSE,FALSE,FALSE
jim fish,4,NOUN,FALSE,FALSE,FALSE,FALSE,FALSE,FALSE,TRUE,FALSE,FALSE,FALSE
skip,2,NOUN,,,,,,,TRUE,,,FALSE
jungle bunny,4,NOUN,FALSE,FALSE,FALSE,FALSE,FALSE,FALSE,TRUE,FALSE,FALSE,FALSE
gingers,1,NOUN,,,,,,,TRUE,,,FALSE
hiv,0,NOUN,,,,,,TRUE,,,,FALSE
robot,1,NOUN,,,TRUE,,,,,,,FALSE
cumshot,1,NOUN,FALSE,FALSE,FALSE,FALSE,FALSE,TRUE,FALSE,FALSE,FALSE,FALSE
dog eaters,4,NOUN,,,,,,,TRUE,,,FALSE
smack,1,NOUN,TRUE,,,,,TRUE,,,,TRUE
gaf,3,ADJ,,,,,TRUE,,,,,TRUE
slanteye,4,NOUN,FALSE,FALSE,FALSE,FALSE,FALSE,FALSE,TRUE,FALSE,FALSE,FALSE
japies,4,NOUN,,,,,,,TRUE,,,FALSE
african catfishes,4,NOUN,FALSE,FALSE,FALSE,FALSE,FALSE,FALSE,TRUE,FALSE,TRUE,FALSE
balllicker,2,NOUN,,,,,,TRUE,,,,FALSE
palefaces,2,NOUN,,,,,,,TRUE,,,FALSE
spides,3,NOUN,TRUE,,,,,,TRUE,,,FALSE
brutus,1,NOUN,TRUE,,TRUE,,,,,,,FALSE
hooray henriettas,1,NOUN,TRUE,FALSE,FALSE,FALSE,FALSE,FALSE,FALSE,FALSE,FALSE,FALSE
smick,1,NOUN,,,,,,,TRUE,,,FALSE
ohr,1,NOUN,,,TRUE,,,,,,,FALSE
gummer,1,NOUN,FALSE,,,,,TRUE,,,,FALSE
üê∏‚Äç,1,:),TRUE,,,,,,,TRUE,,TRUE
fem,2,NOUN,,,,,TRUE,,,,,FALSE
badgerfucker,3,NOUN,,,,,,TRUE,,,,FALSE
thieve,1,NOUN,TRUE,,,,,,,,,FALSE
butchdike,4,NOUN,,,,,TRUE,TRUE,,,,FALSE
filthypinos,4,NOUN,FALSE,FALSE,FALSE,FALSE,FALSE,FALSE,TRUE,FALSE,FALSE,FALSE
regional,0,ADJ,,,,,,,,TRUE,,FALSE
trisexual,0,NOUN,FALSE,FALSE,FALSE,FALSE,FALSE,TRUE,FALSE,FALSE,FALSE,FALSE
kissass,2,VERB,FALSE,TRUE,FALSE,FALSE,FALSE,FALSE,FALSE,FALSE,FALSE,FALSE
butthead,3,NOUN,,,TRUE,,,TRUE,,,,FALSE
babe,1,NOUN,,,,,TRUE,,,,,FALSE
hunkie,3,NOUN,,,,,,,TRUE,,,FALSE
camel fuckers,3,NOUN,FALSE,FALSE,FALSE,FALSE,FALSE,TRUE,TRUE,,TRUE,FALSE
border bandits,3,NOUN,TRUE,FALSE,TRUE,FALSE,FALSE,FALSE,TRUE,,,FALSE
snigger,4,VERB,FALSE,FALSE,FALSE,FALSE,FALSE,FALSE,TRUE,FALSE,FALSE,FALSE
pommy,4,NOUN,FALSE,FALSE,FALSE,FALSE,FALSE,FALSE,TRUE,FALSE,FALSE,FALSE
heinie,3,NOUN,,,,,,,TRUE,,,FALSE
bugger,3,NOUN,FALSE,TRUE,FALSE,FALSE,FALSE,FALSE,FALSE,FALSE,FALSE,FALSE
bell-end,2,NOUN,TRUE,,,,,,,,,FALSE
wetback,4,NOUN,,,,,,,TRUE,,,FALSE
boujee,2,NOUN,TRUE,FALSE,FALSE,FALSE,FALSE,FALSE,FALSE,FALSE,FALSE,FALSE
lemonhead,3,NOUN,,,,,,,TRUE,,,FALSE
pussylicker,2,NOUN,,,,,,TRUE,,,,FALSE
plop,1,NOUN,,TRUE,,,,,,,,FALSE
finger fucked,2,ADJ,FALSE,FALSE,FALSE,FALSE,FALSE,TRUE,FALSE,FALSE,FALSE,FALSE
gerudo,4,NOUN,,,,,,,,,TRUE,FALSE
fellatio,0,NOUN,,,,,,TRUE,,,,FALSE
molester,2,NOUN,TRUE,,TRUE,,,TRUE,,,,FALSE
nigra,4,NOUN,,,,,,,TRUE,,,FALSE
dribble,1,VERB,,,,,,TRUE,,,,FALSE
asswipe,4,NOUN,TRUE,TRUE,,FALSE,,,,,,FALSE
gables,3,NOUN,,,,,,,TRUE,,,TRUE
niggards,4,NOUN,,,,,,,TRUE,,,FALSE
slants,4,NOUN,,,,,,,TRUE,,,FALSE
drunkard,2,NOUN,FALSE,FALSE,FALSE,TRUE,FALSE,FALSE,FALSE,FALSE,FALSE,FALSE
aunt jemimas,1,NOUN,,,,,,,TRUE,,,TRUE
brown invaders,4,NOUN,FALSE,FALSE,FALSE,FALSE,FALSE,FALSE,TRUE,FALSE,FALSE,FALSE
spiclet,4,NOUN,FALSE,FALSE,FALSE,FALSE,FALSE,FALSE,TRUE,,,FALSE
mfer,3,NOUN,TRUE,TRUE,FALSE,FALSE,FALSE,FALSE,FALSE,FALSE,FALSE,FALSE
burrheads,4,NOUN,,,,,,,TRUE,,,FALSE
madrasi,0,NOUN,FALSE,FALSE,FALSE,FALSE,FALSE,FALSE,TRUE,FALSE,FALSE,FALSE
sand niglet,4,NOUN,,,,,,,TRUE,,,FALSE
breastman,1,NOUN,FALSE,FALSE,FALSE,FALSE,FALSE,TRUE,FALSE,FALSE,FALSE,FALSE
titfuck,2,NOUN,FALSE,FALSE,FALSE,FALSE,FALSE,TRUE,FALSE,FALSE,FALSE,FALSE
tincker,4,NOUN,FALSE,FALSE,FALSE,FALSE,FALSE,FALSE,TRUE,FALSE,FALSE,FALSE
gashes,2,NOUN,FALSE,FALSE,FALSE,FALSE,TRUE,TRUE,FALSE,FALSE,FALSE,TRUE
stooge,2,NOUN,,,FALSE,TRUE,,,,,,FALSE
dinosaur,2,NOUN,,,,,TRUE,TRUE,,,,TRUE
iky,3,NOUN,FALSE,FALSE,FALSE,FALSE,FALSE,FALSE,TRUE,FALSE,FALSE,FALSE
boobs,2,NOUN,,,,,TRUE,TRUE,,,,FALSE
üòï,0,:),TRUE,,,,,,,,,FALSE
fistfuck,2,NOUN,,,,,,TRUE,,,,FALSE
steeks,4,NOUN,TRUE,FALSE,FALSE,FALSE,FALSE,FALSE,FALSE,FALSE,FALSE,FALSE
piccaninnies,4,NOUN,,,,,,,TRUE,FALSE,FALSE,FALSE
wexican,3,NOUN,FALSE,FALSE,FALSE,FALSE,FALSE,FALSE,TRUE,FALSE,FALSE,FALSE
perjury,1,NOUN,TRUE,,,,,,,,,FALSE
a-b√Æng,1,NOUN,FALSE,FALSE,FALSE,FALSE,FALSE,FALSE,TRUE,FALSE,FALSE,FALSE
assassinate,1,VERB,TRUE,,,,,,,,,FALSE
manpaste,2,NOUN,FALSE,FALSE,FALSE,FALSE,FALSE,TRUE,FALSE,FALSE,FALSE,FALSE
caveman,3,NOUN,FALSE,FALSE,FALSE,TRUE,FALSE,FALSE,FALSE,FALSE,FALSE,TRUE
carrot snappers,3,NOUN,,,,,,,,,TRUE,FALSE
lefties,3,NOUN,FALSE,FALSE,FALSE,FALSE,FALSE,FALSE,FALSE,TRUE,FALSE,FALSE
gatorbait,3,NOUN,FALSE,FALSE,FALSE,FALSE,FALSE,FALSE,TRUE,,,FALSE
douchebag,3,NOUN,,,TRUE,TRUE,,,,,,FALSE
dahmer,2,NOUN,TRUE,,TRUE,,,TRUE,,,,FALSE
scuzzbag,2,NOUN,TRUE,,,TRUE,,,,,,FALSE
cuntfart,3,NOUN,FALSE,TRUE,,,,TRUE,,,,FALSE
shitdick,3,NOUN,,TRUE,,,,TRUE,,,,FALSE
hoes,4,NOUN,,,,,TRUE,TRUE,,,,FALSE
stump jumpers,3,NOUN,TRUE,FALSE,FALSE,FALSE,FALSE,FALSE,FALSE,FALSE,FALSE,FALSE
malaysian,0,ADJ,,,,,,,TRUE,,,FALSE
byatch,3,NOUN,FALSE,FALSE,FALSE,FALSE,TRUE,FALSE,FALSE,FALSE,FALSE,FALSE
hunyock,4,NOUN,FALSE,FALSE,FALSE,FALSE,FALSE,FALSE,TRUE,FALSE,FALSE,FALSE
ars,2,NOUN,TRUE,TRUE,,,,,,,,FALSE
japland,4,NOUN,FALSE,FALSE,FALSE,FALSE,FALSE,FALSE,TRUE,FALSE,FALSE,FALSE
fuzzies,2,NOUN,,,,,,,TRUE,,,TRUE
gubs,3,NOUN,,,,,,,TRUE,,,FALSE
beanies,4,NOUN,,,,,,,TRUE,,,FALSE
lunatic,2,NOUN,,,,TRUE,,,,,,FALSE
hadji,3,NOUN,,,,,,,TRUE,,,FALSE
dicktard,3,NOUN,FALSE,TRUE,FALSE,TRUE,FALSE,FALSE,FALSE,FALSE,FALSE,FALSE
goat,3,NOUN,FALSE,FALSE,TRUE,FALSE,FALSE,FALSE,FALSE,FALSE,FALSE,TRUE
toad,3,NOUN,FALSE,FALSE,TRUE,FALSE,FALSE,FALSE,FALSE,FALSE,FALSE,FALSE
queerbait,2,NOUN,FALSE,FALSE,FALSE,FALSE,TRUE,FALSE,FALSE,FALSE,FALSE,FALSE
uppity,2,ADJ,,,TRUE,,,,,,,FALSE
dhimmis,4,NOUN,,,,,,,,TRUE,TRUE,FALSE
spikes,3,NOUN,FALSE,FALSE,FALSE,FALSE,FALSE,FALSE,FALSE,FALSE,TRUE,TRUE
beastial,1,ADJ,,,TRUE,,,,,,,FALSE
transexual,0,ADJ,,,,,TRUE,,,,,FALSE
brotherfucker,3,NOUN,,,,,,TRUE,,,,FALSE
grin,0,VERB,TRUE,FALSE,FALSE,FALSE,FALSE,FALSE,FALSE,FALSE,FALSE,FALSE
anchor baby,2,NOUN,,,,,,,TRUE,,,FALSE
fob,4,NOUN,,,,,,,TRUE,,,TRUE
darkey,4,NOUN,,,,,,,TRUE,,,FALSE
uncircumcised baboons,4,NOUN,FALSE,FALSE,FALSE,FALSE,FALSE,FALSE,TRUE,FALSE,FALSE,FALSE
neanderthal,3,NOUN,,,TRUE,TRUE,,,,,,FALSE
charvas,2,NOUN,,,TRUE,,,,,,,FALSE
scuffers,4,NOUN,TRUE,FALSE,FALSE,FALSE,FALSE,FALSE,FALSE,FALSE,FALSE,FALSE
crotch monkey,4,NOUN,FALSE,FALSE,TRUE,FALSE,FALSE,TRUE,FALSE,FALSE,FALSE,FALSE
hapa,1,NOUN,,,,,,,TRUE,,,FALSE
chad,3,NOUN,,,,,,TRUE,,,,FALSE
charlies,3,NOUN,,,,TRUE,,,,,,FALSE
kunilingus,1,NOUN,FALSE,FALSE,FALSE,FALSE,FALSE,TRUE,FALSE,FALSE,FALSE,FALSE
unfuckable,2,ADJ,,,TRUE,,,TRUE,FALSE,,,FALSE
mockie,3,NOUN,FALSE,FALSE,FALSE,FALSE,FALSE,FALSE,TRUE,FALSE,FALSE,FALSE
amos,1,NOUN,,,,,,,,,TRUE,FALSE
moulinyan,4,NOUN,,,,,,,TRUE,,,FALSE
yellowhammer,2,NOUN,TRUE,FALSE,FALSE,FALSE,FALSE,FALSE,TRUE,FALSE,FALSE,FALSE
lez,2,NOUN,,,,,TRUE,,,,,FALSE
cunntt,4,NOUN,FALSE,FALSE,TRUE,FALSE,FALSE,TRUE,FALSE,FALSE,FALSE,FALSE
churl,2,NOUN,TRUE,,,,,,,,,FALSE
lebs,4,NOUN,FALSE,FALSE,FALSE,FALSE,FALSE,FALSE,TRUE,FALSE,FALSE,FALSE
muzzrats,4,NOUN,,,TRUE,,,,,,TRUE,FALSE
toff,2,NOUN,,,TRUE,,,,,,,FALSE
gookette,4,NOUN,,,,,,,TRUE,,,FALSE
pinhead,3,NOUN,,,,TRUE,,,,,,FALSE
bubble,2,NOUN,,,,,,,TRUE,,,FALSE
chimp packs,4,NOUN,FALSE,FALSE,FALSE,FALSE,FALSE,FALSE,TRUE,FALSE,FALSE,FALSE
fingerfucking,2,VERB,,,,,,TRUE,,,,FALSE
fuks,3,VERB,,TRUE,,,,,,,,FALSE
surrender monkey,3,NOUN,FALSE,FALSE,TRUE,FALSE,FALSE,FALSE,TRUE,FALSE,FALSE,FALSE
momo,3,NOUN,,,TRUE,,,,,,,FALSE
pickinninies,4,NOUN,FALSE,FALSE,FALSE,FALSE,FALSE,FALSE,TRUE,FALSE,FALSE,FALSE
pee-pee,1,NOUN,,TRUE,,,,,,,,FALSE
boi,1,NOUN,TRUE,,,,,,,,,FALSE
üòë,1,:),,,,TRUE,,,,,,FALSE
anglo fool,2,NOUN,FALSE,FALSE,FALSE,TRUE,FALSE,FALSE,TRUE,FALSE,FALSE,FALSE
snowflakes,2,NOUN,TRUE,,TRUE,,,,,,,TRUE
horny,2,ADJ,FALSE,FALSE,FALSE,FALSE,FALSE,TRUE,FALSE,FALSE,FALSE,FALSE
spermhearder,2,NOUN,,,,,,TRUE,,,,FALSE
breastlover,1,NOUN,TRUE,,,,,TRUE,,,,FALSE
honyock,3,NOUN,FALSE,FALSE,FALSE,FALSE,FALSE,FALSE,TRUE,FALSE,FALSE,FALSE
rubes,2,NOUN,,,,,,,TRUE,,,FALSE
hijack,0,NOUN,TRUE,,,,,,,,,FALSE
geyer,1,NOUN,,,,,,TRUE,,,,FALSE
quat,4,NOUN,FALSE,FALSE,FALSE,FALSE,TRUE,FALSE,FALSE,FALSE,FALSE,FALSE
perv,2,NOUN,,,,,,TRUE,,,,FALSE
suck dick,2,VERB,FALSE,TRUE,FALSE,FALSE,FALSE,TRUE,FALSE,FALSE,FALSE,FALSE
jackshit,2,NOUN,,TRUE,,,,,,,,FALSE
dune coon,4,NOUN,,,,,,,TRUE,,,FALSE
parody,1,NOUN,,,,TRUE,,,,,,TRUE
spear chucker,4,NOUN,FALSE,FALSE,FALSE,FALSE,FALSE,FALSE,TRUE,FALSE,FALSE,FALSE
bollock,3,NOUN,,TRUE,,,,TRUE,,,,FALSE
tans,2,NOUN,FALSE,FALSE,FALSE,FALSE,FALSE,FALSE,TRUE,FALSE,FALSE,FALSE
hooknose,3,NOUN,,,,,,,TRUE,,TRUE,FALSE
poop,1,NOUN,,TRUE,,,,,,,,FALSE
skinflute,1,NOUN,FALSE,FALSE,FALSE,FALSE,FALSE,TRUE,FALSE,FALSE,FALSE,FALSE
niggors,4,NOUN,,,,,,,TRUE,,,FALSE
blaxican,2,NOUN,FALSE,FALSE,FALSE,FALSE,FALSE,FALSE,TRUE,FALSE,FALSE,FALSE
fatfucker,3,NOUN,,,,,,TRUE,,,,FALSE
ninny,2,NOUN,,,FALSE,TRUE,,,,,,FALSE
butt pirate,3,NOUN,FALSE,FALSE,FALSE,FALSE,TRUE,FALSE,FALSE,FALSE,FALSE,FALSE
moonbat,3,NOUN,,,,TRUE,,,,TRUE,,FALSE
phukking,2,VERB,FALSE,FALSE,FALSE,FALSE,FALSE,TRUE,FALSE,FALSE,FALSE,FALSE
moss eater,4,NOUN,,,,,,,TRUE,,,FALSE
mafia,0,NOUN,TRUE,,,,,,,,,FALSE
gipps,3,NOUN,FALSE,FALSE,FALSE,FALSE,FALSE,FALSE,TRUE,FALSE,FALSE,FALSE
floppies,2,NOUN,,,,,,,TRUE,,,FALSE
puke,1,VERB,FALSE,TRUE,FALSE,FALSE,FALSE,FALSE,FALSE,FALSE,FALSE,FALSE
sixtyniner,1,NOUN,,,,,,TRUE,,,,FALSE
angies,2,NOUN,,,,,,,TRUE,,,FALSE
brownie,4,NOUN,,,,,,,TRUE,,,FALSE
cushi,1,NOUN,,,,,,,TRUE,,,FALSE
hooligan,1,NOUN,FALSE,FALSE,FALSE,FALSE,FALSE,FALSE,FALSE,TRUE,FALSE,FALSE
dragqween,1,NOUN,,,,,TRUE,,,,,FALSE
smut,1,NOUN,FALSE,FALSE,FALSE,FALSE,FALSE,TRUE,FALSE,FALSE,FALSE,FALSE
fondle,0,VERB,,,,,,TRUE,,,,FALSE
cairo coons,3,NOUN,FALSE,FALSE,FALSE,FALSE,FALSE,FALSE,FALSE,FALSE,FALSE,FALSE
savagely,1,ADJ,TRUE,,TRUE,,,,,,,FALSE
kneegroes,4,NOUN,FALSE,FALSE,FALSE,FALSE,FALSE,FALSE,TRUE,FALSE,FALSE,FALSE
blockheads,2,NOUN,,,,,,,TRUE,,,FALSE
greaseballs,3,NOUN,FALSE,FALSE,FALSE,FALSE,FALSE,FALSE,TRUE,FALSE,FALSE,FALSE
cumfest,1,NOUN,TRUE,,,,FALSE,TRUE,,,,FALSE
rectum,0,NOUN,FALSE,FALSE,FALSE,FALSE,FALSE,TRUE,FALSE,FALSE,FALSE,FALSE
madman,3,NOUN,TRUE,FALSE,FALSE,TRUE,FALSE,FALSE,FALSE,FALSE,FALSE,FALSE
stomp,2,VERB,TRUE,,,,,,,,,FALSE
pom,4,NOUN,,,,,,,TRUE,,,FALSE
douchelord,2,NOUN,,,TRUE,,,,,,,FALSE
shitass,2,NOUN,FALSE,TRUE,FALSE,FALSE,FALSE,FALSE,FALSE,FALSE,FALSE,FALSE
xenophobe,2,NOUN,FALSE,FALSE,FALSE,FALSE,FALSE,FALSE,TRUE,TRUE,FALSE,FALSE
willy,2,NOUN,,TRUE,,,,TRUE,,,,TRUE
wasps,2,NOUN,,,,,,,TRUE,,TRUE,TRUE
rice niggers,4,NOUN,,,,,,,TRUE,,,FALSE
border nigger,4,NOUN,FALSE,FALSE,FALSE,FALSE,FALSE,FALSE,TRUE,FALSE,FALSE,FALSE
vulture,3,NOUN,,,TRUE,,,,,FALSE,,FALSE
slutting,4,VERB,FALSE,FALSE,FALSE,FALSE,TRUE,TRUE,FALSE,FALSE,FALSE,FALSE
penisface,2,NOUN,FALSE,FALSE,TRUE,FALSE,FALSE,TRUE,FALSE,FALSE,FALSE,FALSE
beginner,1,NOUN,FALSE,,,TRUE,,,,,,TRUE
munt,4,NOUN,FALSE,FALSE,FALSE,FALSE,TRUE,FALSE,TRUE,FALSE,FALSE,FALSE
floppy,3,NOUN,,,,,,TRUE,FALSE,,,FALSE
nonce,4,NOUN,TRUE,,,,,TRUE,,,,FALSE
cumming,1,VERB,,,,,,TRUE,,,,FALSE
quashie,3,NOUN,FALSE,FALSE,FALSE,FALSE,FALSE,FALSE,TRUE,FALSE,FALSE,FALSE
vagrant,2,NOUN,FALSE,TRUE,FALSE,FALSE,FALSE,FALSE,FALSE,FALSE,FALSE,FALSE
str8,0,ADJ,,,,,TRUE,,,,,TRUE
ghetto,2,NOUN,,,,,,,TRUE,,,FALSE
forni,2,NOUN,TRUE,,,,,,,,,FALSE
mackerel snappers,2,NOUN,,,,,,,,,TRUE,FALSE
sleeze,2,NOUN,,,TRUE,,,,,,,FALSE
cybersex,0,NOUN,TRUE,,,,,TRUE,,,,FALSE
bushnigger,4,NOUN,,,,,,,TRUE,,,FALSE
buddhaheads,3,NOUN,FALSE,FALSE,FALSE,FALSE,FALSE,FALSE,TRUE,FALSE,FALSE,FALSE
border jumpers,3,NOUN,TRUE,FALSE,TRUE,FALSE,FALSE,FALSE,TRUE,FALSE,FALSE,FALSE
swallow,0,VERB,,,,,,TRUE,,,,FALSE
cousinfucker,3,NOUN,,,,,,TRUE,,,,FALSE
feltch,2,VERB,,,,,,TRUE,,,,FALSE
abcd,1,NOUN,FALSE,FALSE,FALSE,FALSE,FALSE,FALSE,TRUE,FALSE,FALSE,TRUE
hebe,4,NOUN,,,,,,,,,TRUE,FALSE
zionazi,4,NOUN,FALSE,FALSE,FALSE,FALSE,FALSE,FALSE,TRUE,FALSE,TRUE,FALSE
fagshit,4,NOUN,FALSE,TRUE,FALSE,FALSE,TRUE,FALSE,FALSE,FALSE,FALSE,FALSE
dumps,1,NOUN,,TRUE,,,,,,,,FALSE
twatwaffle,3,NOUN,TRUE,FALSE,FALSE,FALSE,FALSE,FALSE,FALSE,FALSE,FALSE,FALSE
durka durkas,4,NOUN,FALSE,FALSE,FALSE,FALSE,FALSE,FALSE,TRUE,FALSE,TRUE,FALSE
threeway,1,NOUN,FALSE,FALSE,FALSE,FALSE,FALSE,TRUE,FALSE,FALSE,FALSE,FALSE
boogat,4,NOUN,,,,,,,TRUE,FALSE,FALSE,FALSE
sawnies,1,NOUN,FALSE,FALSE,FALSE,FALSE,FALSE,FALSE,TRUE,FALSE,FALSE,FALSE
pusy,2,NOUN,FALSE,TRUE,FALSE,FALSE,FALSE,TRUE,FALSE,FALSE,FALSE,FALSE
dagos,3,NOUN,,,,,,,TRUE,,,FALSE
ice monkey,3,NOUN,FALSE,FALSE,TRUE,FALSE,FALSE,FALSE,TRUE,FALSE,FALSE,FALSE
licker,2,NOUN,,,,,,TRUE,,,,FALSE
farted,0,VERB,FALSE,TRUE,FALSE,FALSE,FALSE,FALSE,FALSE,FALSE,FALSE,FALSE
mazel,0,ADJ,,,,,,,,,TRUE,FALSE
muzzpig,4,NOUN,FALSE,FALSE,FALSE,FALSE,FALSE,FALSE,TRUE,FALSE,TRUE,FALSE
meatrack,1,NOUN,,,,,,TRUE,,,,FALSE
ne'er-do-well,2,NOUN,TRUE,,TRUE,,,,,,,FALSE
cuntass,4,NOUN,FALSE,TRUE,FALSE,FALSE,FALSE,TRUE,FALSE,FALSE,FALSE,FALSE
ayo,0,INTJ,TRUE,,,,,,,,,FALSE
tinkeres,4,NOUN,FALSE,FALSE,FALSE,FALSE,FALSE,FALSE,TRUE,FALSE,FALSE,FALSE
ragheads,4,NOUN,,,,,,,TRUE,,,FALSE
bog hopper,2,NOUN,,,,,,,TRUE,,,FALSE
chad thundercock,3,NOUN,FALSE,FALSE,FALSE,FALSE,TRUE,FALSE,FALSE,FALSE,FALSE,FALSE
asspuppies,2,NOUN,TRUE,,,,,,,,,FALSE
timbernigger,4,NOUN,,,,,,,TRUE,,,FALSE
scrotum,0,NOUN,,,,,,TRUE,,,,FALSE
niggarding,4,NOUN,,,,,,,TRUE,,,FALSE
boon,3,NOUN,,,,,,,TRUE,,,TRUE
bimbo,3,NOUN,FALSE,FALSE,FALSE,TRUE,TRUE,FALSE,FALSE,FALSE,FALSE,FALSE
beastiality,3,NOUN,,,TRUE,,,TRUE,,,,FALSE
moped,3,NOUN,,,TRUE,,TRUE,TRUE,,,,FALSE
ocker,3,NOUN,FALSE,FALSE,FALSE,FALSE,FALSE,FALSE,TRUE,FALSE,FALSE,FALSE
prairie nigger,4,NOUN,,,,,,,TRUE,,,FALSE
tynkards,4,NOUN,,,,,,,TRUE,,,FALSE
idiotist,2,NOUN,,,,TRUE,,,,,,FALSE
jackoff,2,VERB,,,,,,TRUE,,,,FALSE
fagbags,4,NOUN,FALSE,FALSE,FALSE,FALSE,TRUE,FALSE,FALSE,FALSE,FALSE,FALSE
uncle tom,1,NOUN,FALSE,FALSE,FALSE,FALSE,FALSE,FALSE,TRUE,FALSE,FALSE,FALSE
smoke jumper,4,NOUN,FALSE,FALSE,FALSE,FALSE,FALSE,FALSE,TRUE,FALSE,FALSE,FALSE
honkey,3,NOUN,,,,,,,TRUE,,,FALSE
bespawler,2,NOUN,TRUE,FALSE,FALSE,FALSE,FALSE,FALSE,FALSE,FALSE,FALSE,FALSE
millies,3,NOUN,,,,,,,TRUE,,,FALSE
smoked irish,3,NOUN,FALSE,FALSE,FALSE,FALSE,FALSE,FALSE,TRUE,FALSE,FALSE,FALSE
kumming,2,VERB,FALSE,TRUE,FALSE,FALSE,FALSE,TRUE,FALSE,FALSE,FALSE,FALSE
doguns,4,NOUN,FALSE,FALSE,FALSE,FALSE,FALSE,FALSE,TRUE,FALSE,TRUE,FALSE
ethnicity,0,NOUN,,,,,,,TRUE,,,FALSE
neejee,4,NOUN,,,,,,,TRUE,,,FALSE
boongs,4,NOUN,FALSE,FALSE,FALSE,FALSE,FALSE,FALSE,TRUE,FALSE,FALSE,FALSE
boang,2,ADJ,FALSE,FALSE,FALSE,TRUE,FALSE,FALSE,FALSE,FALSE,FALSE,FALSE
smelly,2,ADJ,FALSE,TRUE,,,,,,,,TRUE
micks,1,NOUN,FALSE,FALSE,FALSE,FALSE,FALSE,FALSE,TRUE,FALSE,FALSE,TRUE
cripples,4,NOUN,,,,,,,TRUE,,,FALSE
butt,1,NOUN,,,,,,TRUE,,,,FALSE
ubangees,3,NOUN,FALSE,FALSE,FALSE,FALSE,FALSE,FALSE,TRUE,FALSE,FALSE,FALSE
sexing,1,VERB,,,,,,TRUE,,,,FALSE
fog nigger,4,NOUN,,,,,,,TRUE,,,FALSE
ginzo,3,NOUN,FALSE,FALSE,FALSE,FALSE,FALSE,FALSE,TRUE,FALSE,FALSE,FALSE
priest,2,NOUN,,,,,,,,,TRUE,FALSE
lingerie,0,NOUN,,,,,TRUE,,,,,FALSE
swallower,1,NOUN,,,,,,TRUE,,,,FALSE
hindoo,1,NOUN,,,,,,,TRUE,,,FALSE
okies,2,NOUN,FALSE,FALSE,FALSE,FALSE,FALSE,FALSE,TRUE,FALSE,FALSE,FALSE
mothafucka,2,NOUN,,TRUE,,,,,,,,FALSE
coloreds,0,NOUN,FALSE,FALSE,FALSE,FALSE,FALSE,FALSE,TRUE,FALSE,FALSE,FALSE
holestuffer,1,NOUN,FALSE,FALSE,FALSE,FALSE,FALSE,TRUE,FALSE,FALSE,FALSE,FALSE
cornhole,2,NOUN,FALSE,TRUE,FALSE,FALSE,FALSE,FALSE,FALSE,FALSE,FALSE,FALSE
flake,3,NOUN,,,TRUE,,,,,,,TRUE
twerp,2,NOUN,TRUE,,TRUE,,,,,,,FALSE
dike,4,NOUN,,,,,TRUE,,,,,FALSE
mothafuckin,2,ADJ,,TRUE,,,,TRUE,,,,FALSE
testicles,0,NOUN,,,,,,TRUE,,,,FALSE
slopehead,4,NOUN,FALSE,FALSE,FALSE,FALSE,FALSE,FALSE,TRUE,FALSE,FALSE,FALSE
silverback,4,NOUN,,,,,,,TRUE,,,FALSE
poo,1,NOUN,,TRUE,,,,,,,,FALSE
hookers,3,NOUN,,,,,TRUE,TRUE,,,,FALSE
flipette,4,NOUN,FALSE,FALSE,FALSE,FALSE,FALSE,FALSE,TRUE,FALSE,FALSE,FALSE
swazi,0,ADJ,,,,,,,TRUE,,,FALSE
sub human,4,NOUN,FALSE,FALSE,TRUE,FALSE,FALSE,FALSE,FALSE,FALSE,FALSE,FALSE
fruitcake,2,NOUN,,,,,TRUE,,,,,FALSE
pancakes,3,NOUN,,,,,,,TRUE,,,TRUE
fuzzy wuzzy,2,NOUN,FALSE,FALSE,FALSE,FALSE,FALSE,FALSE,TRUE,FALSE,FALSE,FALSE
hillbillies,3,NOUN,TRUE,,FALSE,TRUE,,,,,,FALSE
minx,2,NOUN,FALSE,FALSE,FALSE,FALSE,TRUE,TRUE,FALSE,FALSE,FALSE,FALSE
honkies,3,NOUN,FALSE,FALSE,FALSE,FALSE,FALSE,FALSE,TRUE,FALSE,FALSE,FALSE
cockblocker,2,NOUN,FALSE,FALSE,FALSE,FALSE,FALSE,TRUE,FALSE,FALSE,FALSE,FALSE
chavette,4,NOUN,TRUE,,,,,,,,,FALSE
scripture,0,NOUN,,,,,,,,,TRUE,FALSE
ethiopian,0,ADJ,,,,,,,TRUE,,,FALSE
mutt,3,NOUN,,,,,,,TRUE,,,FALSE
shithouse,2,NOUN,,TRUE,,,,,,,,FALSE
yardies,3,NOUN,,,,,,,TRUE,,,FALSE
hunky,3,ADJ,,,,,,,TRUE,,,TRUE
raped,1,ADJ,,,,,,TRUE,,,,FALSE
pickaninny,4,NOUN,,,,,,,TRUE,,,FALSE
poppadom,4,NOUN,,,,,,,TRUE,,,FALSE
judeo,0,ADJ,,,,,,,,,TRUE,FALSE
ricepickers,3,NOUN,,,,,,,TRUE,,,FALSE
ikey,4,NOUN,FALSE,FALSE,FALSE,FALSE,FALSE,FALSE,TRUE,FALSE,TRUE,FALSE
dyke jumpers,4,NOUN,,,,,TRUE,,,,,FALSE
guido,3,NOUN,,,,,,,TRUE,,,FALSE
strawberry,3,NOUN,,,,,TRUE,TRUE,,,,TRUE
diddle,2,VERB,,,,,,TRUE,,,,FALSE
nacho,3,NOUN,,,,,,,TRUE,,,TRUE
hoorah henrietta,2,NOUN,TRUE,,,,,,,,,FALSE
wigga,4,NOUN,,,,,,,TRUE,,,FALSE
kondum,1,NOUN,FALSE,FALSE,FALSE,FALSE,FALSE,TRUE,FALSE,FALSE,FALSE,FALSE
soup takers,3,NOUN,,,,,,,TRUE,,TRUE,FALSE
bananas,4,NOUN,,,,,,,TRUE,,,TRUE
whash,4,NOUN,,,TRUE,,,,TRUE,,,FALSE
rere,3,ADJ,,,,TRUE,,,,,,FALSE
chi chi,4,NOUN,FALSE,FALSE,FALSE,FALSE,FALSE,FALSE,TRUE,FALSE,FALSE,FALSE
fuzzy,3,ADJ,,,,,,,TRUE,,,TRUE
homo,3,NOUN,,,,,TRUE,,,,,FALSE
can eaters,4,NOUN,FALSE,FALSE,FALSE,FALSE,FALSE,FALSE,TRUE,FALSE,FALSE,FALSE
pornking,1,NOUN,,,,,,TRUE,,,,FALSE
asswhore,3,NOUN,FALSE,TRUE,FALSE,FALSE,FALSE,TRUE,FALSE,FALSE,FALSE,FALSE
zhid,4,NOUN,,,,,,,TRUE,,TRUE,FALSE
chonkies,2,NOUN,FALSE,FALSE,FALSE,FALSE,FALSE,FALSE,FALSE,FALSE,FALSE,FALSE
freaky fucker,3,NOUN,FALSE,FALSE,FALSE,FALSE,FALSE,TRUE,FALSE,FALSE,FALSE,FALSE
slutt,4,NOUN,FALSE,FALSE,FALSE,FALSE,TRUE,TRUE,FALSE,FALSE,FALSE,FALSE
aunt jane,1,NOUN,,,,,,,TRUE,,,TRUE
sissy,3,NOUN,FALSE,TRUE,FALSE,FALSE,TRUE,FALSE,FALSE,FALSE,FALSE,FALSE
fucka,3,NOUN,,TRUE,,,,,,,,FALSE
abc,2,NOUN,,,,,,,TRUE,,,FALSE
paki,3,NOUN,,,,,,,TRUE,,,FALSE
popolo,4,NOUN,FALSE,FALSE,FALSE,FALSE,FALSE,FALSE,TRUE,FALSE,FALSE,FALSE
sumthin,0,NOUN,TRUE,,,,,,,,,FALSE
larper,0,NOUN,,,,TRUE,,,TRUE,,,FALSE
island niggers,4,NOUN,,,,,,,TRUE,,,FALSE
toilet,0,NOUN,TRUE,,,,,,,,,FALSE
bum,3,NOUN,FALSE,FALSE,FALSE,FALSE,FALSE,FALSE,TRUE,FALSE,FALSE,FALSE
whigga,4,NOUN,,,,,,,TRUE,,,FALSE
buggered,2,NOUN,,,,,,TRUE,,,,FALSE
nerd,1,NOUN,,,,TRUE,,,,,,FALSE
ahabs,3,NOUN,,,,,,,TRUE,,,FALSE
fetish,1,NOUN,FALSE,FALSE,FALSE,FALSE,FALSE,TRUE,FALSE,FALSE,FALSE,FALSE
curry stinker,4,NOUN,FALSE,FALSE,FALSE,FALSE,FALSE,FALSE,TRUE,FALSE,FALSE,FALSE
pocha,4,NOUN,FALSE,FALSE,TRUE,FALSE,FALSE,FALSE,TRUE,FALSE,FALSE,FALSE
mockey,4,NOUN,,,,,,,TRUE,,,FALSE
croweaters,1,NOUN,,,,,,,TRUE,,,FALSE
philosemite,1,NOUN,,,,,,,,,TRUE,FALSE
africoon,4,NOUN,,,,,,,TRUE,,,FALSE
doom,0,NOUN,TRUE,,,,,,,,,FALSE
dummy,2,NOUN,FALSE,FALSE,FALSE,TRUE,FALSE,FALSE,FALSE,FALSE,FALSE,FALSE
analannie,2,NOUN,TRUE,FALSE,FALSE,FALSE,FALSE,FALSE,FALSE,FALSE,FALSE,FALSE
feminazis,4,NOUN,,,,,TRUE,,,,,FALSE
sodomy,2,NOUN,,,,,,TRUE,,,FALSE,FALSE
newfies,2,NOUN,,,,TRUE,,,TRUE,,,FALSE
ikes,4,NOUN,,,,,,,,,TRUE,FALSE
cocksucker,4,NOUN,FALSE,TRUE,FALSE,FALSE,TRUE,TRUE,FALSE,FALSE,FALSE,FALSE
sonofamotherlessgoat,3,NOUN,TRUE,FALSE,TRUE,FALSE,FALSE,FALSE,FALSE,FALSE,FALSE,FALSE
ofays,3,NOUN,,,,,,,TRUE,,,FALSE
sambo,4,NOUN,,,,,,,TRUE,,,FALSE
proddy dogs,3,NOUN,FALSE,FALSE,TRUE,FALSE,FALSE,FALSE,FALSE,FALSE,TRUE,FALSE
anns,2,NOUN,FALSE,FALSE,FALSE,FALSE,FALSE,FALSE,TRUE,FALSE,FALSE,TRUE
teabagger,4,NOUN,FALSE,FALSE,FALSE,FALSE,FALSE,FALSE,FALSE,TRUE,FALSE,FALSE
somalian,0,ADJ,,,,,,,TRUE,,,FALSE
brutally,0,ADV,TRUE,,,,,,,,,FALSE
squareheads,3,NOUN,FALSE,FALSE,FALSE,FALSE,FALSE,FALSE,TRUE,FALSE,FALSE,FALSE
lobotomize,1,VERB,TRUE,,,TRUE,,,,,,FALSE
ching,4,NOUN,,,,,,,TRUE,,,FALSE
anchor babies,2,NOUN,,,,,,,TRUE,,,FALSE
coconut,4,NOUN,,,TRUE,,,,TRUE,,,FALSE
skankbitch,4,NOUN,FALSE,FALSE,FALSE,FALSE,FALSE,TRUE,FALSE,,,FALSE
schlong,1,NOUN,,,,,,TRUE,,,,FALSE
bounty bar,2,NOUN,,,,,,,TRUE,,,FALSE
swastika,1,NOUN,,,,,,,,TRUE,,FALSE
mickey finn,1,NOUN,,,,,,,TRUE,,,TRUE
dickless,2,ADJ,,,,,,TRUE,,,,FALSE
horde,1,NOUN,,,TRUE,,,,,,,FALSE
blackout,0,NOUN,TRUE,,,,,,,,,FALSE
pornofreak,2,NOUN,,,TRUE,,,TRUE,,,,FALSE
greaser,4,NOUN,,,,,,,TRUE,,,FALSE
christ killers,4,NOUN,FALSE,FALSE,FALSE,FALSE,FALSE,FALSE,TRUE,FALSE,TRUE,FALSE
flipabeanos,4,NOUN,,,,,,,TRUE,,,FALSE
whigger,4,NOUN,,,,,,,TRUE,,,FALSE
kidnapped,1,ADJ,TRUE,,,,,,,,,FALSE
pussyeater,2,NOUN,,,,,,TRUE,,,,FALSE
buttfuck,3,VERB,,,,,,TRUE,,,,FALSE
feces,1,NOUN,,TRUE,,,,,,,,FALSE
hellfire,1,NOUN,TRUE,,,,,,,,,FALSE
palesimian,4,NOUN,FALSE,FALSE,TRUE,FALSE,FALSE,FALSE,TRUE,FALSE,FALSE,FALSE
yoof,1,NOUN,TRUE,,TRUE,,,,,,,FALSE
hook,3,NOUN,,,,,TRUE,,,,,FALSE
dot head,3,NOUN,,,,,,,TRUE,,,FALSE
eunuch,3,NOUN,,,,,TRUE,,,,FALSE,TRUE
assmuncher,3,NOUN,,,,,,TRUE,,,,FALSE
clog wog,2,NOUN,FALSE,FALSE,FALSE,FALSE,FALSE,FALSE,TRUE,FALSE,FALSE,FALSE
tree nigger,4,NOUN,,,,,,,TRUE,,,FALSE
gypoes,3,NOUN,,,,,,,TRUE,FALSE,FALSE,FALSE
damnit,2,INTJ,,TRUE,,,,,,,,FALSE
shade,3,NOUN,,,,,,,TRUE,,,TRUE
nurse,0,NOUN,,,,,TRUE,,,,,FALSE
meatbeatter,2,NOUN,,,,,,TRUE,,,,FALSE
cocoas,3,NOUN,,,,,,,TRUE,,,TRUE
simian,2,ADJ,,,TRUE,,,,,,,FALSE
featherhead,3,NOUN,,,,,,,TRUE,,,FALSE
dreamer,1,NOUN,,,,TRUE,,,,,,FALSE
badfuck,2,NOUN,TRUE,FALSE,FALSE,FALSE,FALSE,TRUE,FALSE,FALSE,FALSE,FALSE
orbiter,1,NOUN,,,,,,TRUE,,,,FALSE
kigger,4,NOUN,,,,,,,TRUE,,,FALSE
neck,1,NOUN,,,,,,TRUE,,,,FALSE
bamboo coons,4,NOUN,FALSE,FALSE,FALSE,FALSE,FALSE,FALSE,TRUE,FALSE,FALSE,FALSE
dixiedyke,4,NOUN,,,,,TRUE,,,,,FALSE
spaz,3,NOUN,TRUE,,TRUE,TRUE,,,,,,FALSE
backwoodsman,2,NOUN,TRUE,FALSE,FALSE,TRUE,FALSE,FALSE,FALSE,FALSE,FALSE,FALSE
sexymoma,1,NOUN,FALSE,FALSE,FALSE,FALSE,TRUE,FALSE,FALSE,FALSE,FALSE,FALSE
cab nigger,4,NOUN,,,,,,,TRUE,,,FALSE
waysted,1,NOUN,TRUE,,,,,,,,,FALSE
gaymuthafuckinwhore,4,NOUN,FALSE,FALSE,FALSE,FALSE,TRUE,TRUE,FALSE,FALSE,FALSE,FALSE
pogue,1,NOUN,,,,,,,TRUE,,,FALSE
pajeet,4,NOUN,,,,,,,TRUE,,,FALSE
hajji,3,NOUN,,,,,,,TRUE,,,FALSE
fenian,1,NOUN,FALSE,FALSE,FALSE,FALSE,FALSE,FALSE,TRUE,FALSE,TRUE,TRUE
buttmuncher,2,NOUN,,,,,,TRUE,,,,FALSE
shitted,2,ADJ,FALSE,TRUE,,,,,,,,FALSE
breast,0,NOUN,,,,,TRUE,TRUE,,,,FALSE
enoch,1,NOUN,,,,,TRUE,,,,,FALSE
jafas,3,NOUN,,,,,,,TRUE,,,FALSE
cockfucker,3,NOUN,FALSE,FALSE,FALSE,FALSE,FALSE,TRUE,FALSE,FALSE,FALSE,FALSE
puss,3,NOUN,,,FALSE,,,TRUE,,,,FALSE
vagina,0,NOUN,FALSE,FALSE,FALSE,FALSE,FALSE,TRUE,FALSE,FALSE,FALSE,FALSE
butthole,3,NOUN,,TRUE,,,,TRUE,,,,FALSE
wink,4,NOUN,,,,,,,TRUE,,,TRUE
grostulation,FALSE,NOUN,,,,,,TRUE,,,,FALSE
sideways pussy,4,NOUN,FALSE,FALSE,FALSE,FALSE,FALSE,FALSE,TRUE,FALSE,FALSE,FALSE
afro-saxon,1,NOUN,,,,,,,TRUE,,,FALSE
kushis,4,NOUN,,,,,,,TRUE,,,FALSE
kidnapping,1,NOUN,TRUE,,,,,,,,,FALSE
argie,1,NOUN,,,,,,,TRUE,,,FALSE
beaten,0,ADJ,TRUE,,,,,,,,,FALSE
pudboy,1,NOUN,,,,,,TRUE,,,,FALSE
honky,3,ADJ,,,,,,,TRUE,,,FALSE
felcher,1,NOUN,,,,,,TRUE,,,,FALSE
beaner babies,4,NOUN,FALSE,FALSE,FALSE,FALSE,FALSE,FALSE,TRUE,FALSE,FALSE,FALSE
bluegums,2,NOUN,,,,,,,TRUE,,,FALSE
queers,1,NOUN,FALSE,,,,TRUE,,,,,FALSE
khazars,4,NOUN,,,,,,,TRUE,,TRUE,FALSE
fornicate,0,VERB,,,,TRUE,,TRUE,,,,FALSE
negroid,4,ADJ,,,,,,,TRUE,,,FALSE
musla,4,NOUN,,,,,,,,,TRUE,FALSE
dolt,4,NOUN,,,,TRUE,,,,,,FALSE
ziojews,4,NOUN,,,,,,,TRUE,,TRUE,FALSE
